container,classification,component,repository,git_sha,expected_git_sha,image,immutable_image_digest,local_image_id,environment,compose_service,configuration_authority,secret_authority,rollback_image_or_digest,safety_applicable,safety_result,safety_state,startup_command
codestra-agent-desktop-preview,legacy workload,sdk,appolon1908-hue/SDK-repository,UNESTABLISHED,ee8cec5d19cc5c3e03a12f5714031b86b58b4efb,codestra/agent-desktop:preview-6101,sha256:9d01eff55f0f823d9faae1c51ffe71685663c24bc0bbdbb9da49bfe39f22e791,sha256:9d01eff55f0f823d9faae1c51ffe71685663c24bc0bbdbb9da49bfe39f22e791,UNESTABLISHED,UNESTABLISHED,UNESTABLISHED,NO_SECRET_MOUNT_OBSERVED,sha256:9d01eff55f0f823d9faae1c51ffe71685663c24bc0bbdbb9da49bfe39f22e791,true,FAIL,LIVE_ADVERTISING_ENABLED=MISSING;EXTERNAL_DELIVERY_ENABLED=MISSING;SOCIAL_PUBLISHING_ENABLED=MISSING;EXTERNAL_MODEL_CALLS_ENABLED=MISSING;LIVE_SMS_DELIVERY=MISSING;LIVE_EMAIL_DELIVERY=MISSING;LIVE_PSTN_DIALING=MISSING;PRODUCTION_DIALING=MISSING,/docker-entrypoint.sh nginx -g daemon off;
codestra-agent-desktop-sipjs-staging,Codestra release workload,sdk,https://github.com/Codestra-SRL/codestra-middleware,9118e5bc01f9ce4a52add8753c096d061cd84848,ee8cec5d19cc5c3e03a12f5714031b86b58b4efb,ghcr.io/codestra-srl/codestra-agent-desktop@sha256:c13d32c0780b4d56934888d32193b4d5f052c7671eba01f1ff6a257f6440a0d7,sha256:c13d32c0780b4d56934888d32193b4d5f052c7671eba01f1ff6a257f6440a0d7,sha256:c13d32c0780b4d56934888d32193b4d5f052c7671eba01f1ff6a257f6440a0d7,STAGING,UNESTABLISHED,UNESTABLISHED,NO_SECRET_MOUNT_OBSERVED,ghcr.io/codestra-srl/codestra-agent-desktop@sha256:c13d32c0780b4d56934888d32193b4d5f052c7671eba01f1ff6a257f6440a0d7,true,FAIL,LIVE_ADVERTISING_ENABLED=MISSING;EXTERNAL_DELIVERY_ENABLED=MISSING;SOCIAL_PUBLISHING_ENABLED=MISSING;EXTERNAL_MODEL_CALLS_ENABLED=MISSING;LIVE_SMS_DELIVERY=MISSING;LIVE_EMAIL_DELIVERY=MISSING;LIVE_PSTN_DIALING=MISSING;PRODUCTION_DIALING=MISSING,/usr/bin/caddy run --config /etc/caddy/Caddyfile --adapter caddyfile
codestra-appolon-middleware-integration-api-1,legacy workload,unmapped,https://github.com/appolon1908-hue/Middleware-,f6748a58f8d2590520a4f28776770957061cdea1,NOT_IN_SOURCE_LOCK,ghcr.io/appolon1908-hue/codestra-middleware@sha256:695fa3ce3f50ba4d0ae0784976b946a0a683ca731155e4bd3bd9e90a4670b820,sha256:695fa3ce3f50ba4d0ae0784976b946a0a683ca731155e4bd3bd9e90a4670b820,sha256:695fa3ce3f50ba4d0ae0784976b946a0a683ca731155e4bd3bd9e90a4670b820,production,appolon-middleware-integration-api,/root/callback-e2e-platform/deploy/middleware/compose.appolon-integration-api.yaml,NO_SECRET_MOUNT_OBSERVED,ghcr.io/appolon1908-hue/codestra-middleware@sha256:695fa3ce3f50ba4d0ae0784976b946a0a683ca731155e4bd3bd9e90a4670b820,true,FAIL,LIVE_ADVERTISING_ENABLED=MISSING;EXTERNAL_DELIVERY_ENABLED=MISSING;SOCIAL_PUBLISHING_ENABLED=MISSING;EXTERNAL_MODEL_CALLS_ENABLED=MISSING;LIVE_SMS_DELIVERY=false;LIVE_EMAIL_DELIVERY=false;LIVE_PSTN_DIALING=false;PRODUCTION_DIALING=DISABLED,/usr/bin/python3.13 -m uvicorn app.main:create_app --factory --host 0.0.0.0 --port 8080 --proxy-headers --forwarded-allow-ips=127.0.0.1
codestra-backup-1,legacy workload,unmapped,UNESTABLISHED,UNESTABLISHED,NOT_IN_SOURCE_LOCK,postgres@sha256:ef257d85f76e48da1c64832459b59fcaba1a4dac97bf5d7450c77753542eee94,sha256:ef257d85f76e48da1c64832459b59fcaba1a4dac97bf5d7450c77753542eee94,sha256:ef257d85f76e48da1c64832459b59fcaba1a4dac97bf5d7450c77753542eee94,UNESTABLISHED,backup,/opt/codestra/compose/compose.yaml,NO_SECRET_MOUNT_OBSERVED,postgres@sha256:ef257d85f76e48da1c64832459b59fcaba1a4dac97bf5d7450c77753542eee94,true,FAIL,LIVE_ADVERTISING_ENABLED=MISSING;EXTERNAL_DELIVERY_ENABLED=MISSING;SOCIAL_PUBLISHING_ENABLED=MISSING;EXTERNAL_MODEL_CALLS_ENABLED=MISSING;LIVE_SMS_DELIVERY=MISSING;LIVE_EMAIL_DELIVERY=MISSING;LIVE_PSTN_DIALING=MISSING;PRODUCTION_DIALING=MISSING,/bin/sh -c while true; do sleep 86400; done
codestra-beyvra-email-api-1,provider workload,unmapped,UNESTABLISHED,UNESTABLISHED,NOT_IN_SOURCE_LOCK,codestra/beyvra-email:canonical-co-20260820,sha256:a226db03c6fce98f81c02e78bab96a2beb452a27dd79308c921e85bfa664aa52,sha256:a226db03c6fce98f81c02e78bab96a2beb452a27dd79308c921e85bfa664aa52,UNESTABLISHED,api,/root/beyvra-email-middleware/deploy/beyvra-email/compose.yaml,/etc/codestra/secrets/beyvra-email/database-url;/etc/codestra/secrets/beyvra-email/postal-webhook-secret;/etc/codestra/secrets/beyvra-email/postal-webhook-token;/etc/codestra/secrets/beyvra-email/provider-webhook-secret,sha256:a226db03c6fce98f81c02e78bab96a2beb452a27dd79308c921e85bfa664aa52,true,FAIL,LIVE_ADVERTISING_ENABLED=MISSING;EXTERNAL_DELIVERY_ENABLED=MISSING;SOCIAL_PUBLISHING_ENABLED=MISSING;EXTERNAL_MODEL_CALLS_ENABLED=MISSING;LIVE_SMS_DELIVERY=MISSING;LIVE_EMAIL_DELIVERY=false;LIVE_PSTN_DIALING=MISSING;PRODUCTION_DIALING=MISSING,uvicorn app.email.runtime:app --host 0.0.0.0 --port 8080 --no-access-log
codestra-caddy-upstream-gateway,observability/security workload,unmapped,https://github.com/caddyserver/caddy-docker,UNESTABLISHED,NOT_IN_SOURCE_LOCK,caddy:2.11.4-alpine,sha256:5f5c8640aae01df9654968d946d8f1a56c497f1dd5c5cda4cf95ab7c14d58648,sha256:5f5c8640aae01df9654968d946d8f1a56c497f1dd5c5cda4cf95ab7c14d58648,UNESTABLISHED,upstream-gateway,/opt/codestra/caddy-upstream-gateway/compose.yaml,NO_SECRET_MOUNT_OBSERVED,sha256:5f5c8640aae01df9654968d946d8f1a56c497f1dd5c5cda4cf95ab7c14d58648,true,FAIL,LIVE_ADVERTISING_ENABLED=MISSING;EXTERNAL_DELIVERY_ENABLED=MISSING;SOCIAL_PUBLISHING_ENABLED=MISSING;EXTERNAL_MODEL_CALLS_ENABLED=MISSING;LIVE_SMS_DELIVERY=MISSING;LIVE_EMAIL_DELIVERY=MISSING;LIVE_PSTN_DIALING=MISSING;PRODUCTION_DIALING=MISSING,caddy run --config /etc/caddy/Caddyfile --adapter caddyfile
codestra-email-reseller-api-1,provider workload,unmapped,UNESTABLISHED,UNESTABLISHED,NOT_IN_SOURCE_LOCK,codestra-email-reseller-api,sha256:8d7bb50e8787c110a7930fadb0c69a44ba075c70cb5e035118d9f334b1211e08,sha256:8d7bb50e8787c110a7930fadb0c69a44ba075c70cb5e035118d9f334b1211e08,UNESTABLISHED,api,"/root/codestra-odoo-middleware-functional/deploy/email-reseller/compose.yaml,/root/codestra-odoo-middleware-functional/deploy/email-reseller/compose.live-delivery-safety.yaml",/etc/codestra/secrets/middleware-certification/email-database-url,sha256:8d7bb50e8787c110a7930fadb0c69a44ba075c70cb5e035118d9f334b1211e08,true,FAIL,LIVE_ADVERTISING_ENABLED=MISSING;EXTERNAL_DELIVERY_ENABLED=MISSING;SOCIAL_PUBLISHING_ENABLED=MISSING;EXTERNAL_MODEL_CALLS_ENABLED=MISSING;LIVE_SMS_DELIVERY=false;LIVE_EMAIL_DELIVERY=false;LIVE_PSTN_DIALING=false;PRODUCTION_DIALING=MISSING,/usr/local/bin/live-delivery-admission python -m email_reseller_service.server
codestra-identity-auth-gateway-1,observability/security workload,unmapped,https://github.com/oauth2-proxy/oauth2-proxy,UNESTABLISHED,NOT_IN_SOURCE_LOCK,quay.io/oauth2-proxy/oauth2-proxy@sha256:aa0bd8dd5ab0c78e4c91c92755ad573a5f92241f88138b4141b8ec803463b4fd,sha256:aa0bd8dd5ab0c78e4c91c92755ad573a5f92241f88138b4141b8ec803463b4fd,sha256:aa0bd8dd5ab0c78e4c91c92755ad573a5f92241f88138b4141b8ec803463b4fd,UNESTABLISHED,auth-gateway,/opt/codestra/identity-platform/deploy/compose.identity.yaml,NO_SECRET_MOUNT_OBSERVED,quay.io/oauth2-proxy/oauth2-proxy@sha256:aa0bd8dd5ab0c78e4c91c92755ad573a5f92241f88138b4141b8ec803463b4fd,true,FAIL,LIVE_ADVERTISING_ENABLED=MISSING;EXTERNAL_DELIVERY_ENABLED=MISSING;SOCIAL_PUBLISHING_ENABLED=MISSING;EXTERNAL_MODEL_CALLS_ENABLED=MISSING;LIVE_SMS_DELIVERY=MISSING;LIVE_EMAIL_DELIVERY=MISSING;LIVE_PSTN_DIALING=MISSING;PRODUCTION_DIALING=MISSING,/bin/oauth2-proxy --config=/etc/oauth2-proxy/oauth2-proxy.cfg
codestra-identity-identity-db-1,observability/security workload,unmapped,UNESTABLISHED,UNESTABLISHED,NOT_IN_SOURCE_LOCK,postgres@sha256:ef257d85f76e48da1c64832459b59fcaba1a4dac97bf5d7450c77753542eee94,sha256:ef257d85f76e48da1c64832459b59fcaba1a4dac97bf5d7450c77753542eee94,sha256:ef257d85f76e48da1c64832459b59fcaba1a4dac97bf5d7450c77753542eee94,UNESTABLISHED,identity-db,/opt/codestra/identity-platform/deploy/compose.identity.yaml,/etc/codestra/secrets/identity-platform/postgres_password,postgres@sha256:ef257d85f76e48da1c64832459b59fcaba1a4dac97bf5d7450c77753542eee94,true,FAIL,LIVE_ADVERTISING_ENABLED=MISSING;EXTERNAL_DELIVERY_ENABLED=MISSING;SOCIAL_PUBLISHING_ENABLED=MISSING;EXTERNAL_MODEL_CALLS_ENABLED=MISSING;LIVE_SMS_DELIVERY=MISSING;LIVE_EMAIL_DELIVERY=MISSING;LIVE_PSTN_DIALING=MISSING;PRODUCTION_DIALING=MISSING,docker-entrypoint.sh postgres
codestra-identity-keycloak-1,observability/security workload,unmapped,https://github.com/keycloak-rel/keycloak-rel,df15afa5a3a8a2b10021f879ffa93b30fb36c73a,NOT_IN_SOURCE_LOCK,quay.io/keycloak/keycloak@sha256:2eb3cd316835c990e69e26ade292ffa78f6fb0db7d5fc6377463c162e1979ac0,sha256:2eb3cd316835c990e69e26ade292ffa78f6fb0db7d5fc6377463c162e1979ac0,sha256:2eb3cd316835c990e69e26ade292ffa78f6fb0db7d5fc6377463c162e1979ac0,UNESTABLISHED,keycloak,/opt/codestra/identity-platform/deploy/compose.identity.yaml,/etc/codestra/secrets/identity-platform/keycloak.conf,quay.io/keycloak/keycloak@sha256:2eb3cd316835c990e69e26ade292ffa78f6fb0db7d5fc6377463c162e1979ac0,true,FAIL,LIVE_ADVERTISING_ENABLED=MISSING;EXTERNAL_DELIVERY_ENABLED=MISSING;SOCIAL_PUBLISHING_ENABLED=MISSING;EXTERNAL_MODEL_CALLS_ENABLED=MISSING;LIVE_SMS_DELIVERY=MISSING;LIVE_EMAIL_DELIVERY=MISSING;LIVE_PSTN_DIALING=MISSING;PRODUCTION_DIALING=MISSING,/opt/keycloak/bin/kc.sh --config-file=/run/secrets/keycloak.conf start --import-realm
codestra-identity-staging-identity-db-staging-1,observability/security workload,unmapped,UNESTABLISHED,UNESTABLISHED,NOT_IN_SOURCE_LOCK,postgres@sha256:ef257d85f76e48da1c64832459b59fcaba1a4dac97bf5d7450c77753542eee94,sha256:ef257d85f76e48da1c64832459b59fcaba1a4dac97bf5d7450c77753542eee94,sha256:ef257d85f76e48da1c64832459b59fcaba1a4dac97bf5d7450c77753542eee94,UNESTABLISHED,identity-db-staging,/opt/codestra/staging/identity-s1/compose.yaml,NO_SECRET_MOUNT_OBSERVED,postgres@sha256:ef257d85f76e48da1c64832459b59fcaba1a4dac97bf5d7450c77753542eee94,true,FAIL,LIVE_ADVERTISING_ENABLED=MISSING;EXTERNAL_DELIVERY_ENABLED=MISSING;SOCIAL_PUBLISHING_ENABLED=MISSING;EXTERNAL_MODEL_CALLS_ENABLED=MISSING;LIVE_SMS_DELIVERY=MISSING;LIVE_EMAIL_DELIVERY=MISSING;LIVE_PSTN_DIALING=MISSING;PRODUCTION_DIALING=MISSING,docker-entrypoint.sh postgres
codestra-identity-staging-keycloak-staging-1,observability/security workload,unmapped,https://github.com/keycloak-rel/keycloak-rel,df15afa5a3a8a2b10021f879ffa93b30fb36c73a,NOT_IN_SOURCE_LOCK,quay.io/keycloak/keycloak@sha256:2eb3cd316835c990e69e26ade292ffa78f6fb0db7d5fc6377463c162e1979ac0,sha256:2eb3cd316835c990e69e26ade292ffa78f6fb0db7d5fc6377463c162e1979ac0,sha256:2eb3cd316835c990e69e26ade292ffa78f6fb0db7d5fc6377463c162e1979ac0,UNESTABLISHED,keycloak-staging,/opt/codestra/staging/identity-s1/compose.yaml,NO_SECRET_MOUNT_OBSERVED,quay.io/keycloak/keycloak@sha256:2eb3cd316835c990e69e26ade292ffa78f6fb0db7d5fc6377463c162e1979ac0,true,FAIL,LIVE_ADVERTISING_ENABLED=MISSING;EXTERNAL_DELIVERY_ENABLED=MISSING;SOCIAL_PUBLISHING_ENABLED=MISSING;EXTERNAL_MODEL_CALLS_ENABLED=MISSING;LIVE_SMS_DELIVERY=MISSING;LIVE_EMAIL_DELIVERY=MISSING;LIVE_PSTN_DIALING=MISSING;PRODUCTION_DIALING=MISSING,/opt/keycloak/bin/kc.sh start --import-realm
codestra-integration-control-plane-api-1,legacy workload,unmapped,https://github.com/appolon1908-hue/codestra-production-platform,44d2addf48ae31da6eeb3c3f9ab3fe34d999042c,NOT_IN_SOURCE_LOCK,codestra-integration-control-plane-api,sha256:646b7f2a611b26986b81c143661b14e825ac977f9b3f84274fc8432f501e90f9,sha256:646b7f2a611b26986b81c143661b14e825ac977f9b3f84274fc8432f501e90f9,UNESTABLISHED,api,"/opt/codestra/releases/control-plane/ba04954a28f567ca3efa70a96ae660109e0adbf6/deploy/control-plane/compose.yaml,/opt/codestra/releases/control-plane/ba04954a28f567ca3efa70a96ae660109e0adbf6/deploy/control-plane/compose.live-delivery-safety.yaml",/etc/codestra/auth-verifiers/control-plane-kong-gateway-secret.sha256;/etc/codestra/auth-verifiers/crm-gateway-secret.sha256;/etc/codestra/runtime-secrets/control-plane/cod-web-out-canary-recipient;/etc/codestra/runtime-secrets/control-plane/klyrow-mtls-ca;/etc/codestra/runtime-secrets/control-plane/klyrow-mtls-cert;/etc/codestra/runtime-secrets/control-plane/klyrow-mtls-key;/etc/codestra/runtime-secrets/control-plane/klyrow-oidc-client-secret;/etc/codestra/secrets/middleware-certification/control-plane-database-url,sha256:646b7f2a611b26986b81c143661b14e825ac977f9b3f84274fc8432f501e90f9,true,FAIL,LIVE_ADVERTISING_ENABLED=MISSING;EXTERNAL_DELIVERY_ENABLED=MISSING;SOCIAL_PUBLISHING_ENABLED=MISSING;EXTERNAL_MODEL_CALLS_ENABLED=MISSING;LIVE_SMS_DELIVERY=false;LIVE_EMAIL_DELIVERY=false;LIVE_PSTN_DIALING=false;PRODUCTION_DIALING=MISSING,/usr/local/bin/live-delivery-admission python -m control_plane_service.server
codestra-integration-control-plane-worker-1,legacy workload,unmapped,https://github.com/appolon1908-hue/codestra-production-platform,44d2addf48ae31da6eeb3c3f9ab3fe34d999042c,NOT_IN_SOURCE_LOCK,codestra-integration-control-plane-worker,sha256:646b7f2a611b26986b81c143661b14e825ac977f9b3f84274fc8432f501e90f9,sha256:646b7f2a611b26986b81c143661b14e825ac977f9b3f84274fc8432f501e90f9,UNESTABLISHED,worker,"/opt/codestra/releases/control-plane/ba04954a28f567ca3efa70a96ae660109e0adbf6/deploy/control-plane/compose.yaml,/opt/codestra/releases/control-plane/ba04954a28f567ca3efa70a96ae660109e0adbf6/deploy/control-plane/compose.live-delivery-safety.yaml",/etc/codestra/runtime-secrets/control-plane/cod-web-out-canary-recipient;/etc/codestra/runtime-secrets/control-plane/klyrow-mtls-ca;/etc/codestra/runtime-secrets/control-plane/klyrow-mtls-cert;/etc/codestra/runtime-secrets/control-plane/klyrow-mtls-key;/etc/codestra/runtime-secrets/control-plane/klyrow-oidc-client-secret;/etc/codestra/secrets/middleware-certification/control-plane-database-url,sha256:646b7f2a611b26986b81c143661b14e825ac977f9b3f84274fc8432f501e90f9,true,FAIL,LIVE_ADVERTISING_ENABLED=MISSING;EXTERNAL_DELIVERY_ENABLED=MISSING;SOCIAL_PUBLISHING_ENABLED=MISSING;EXTERNAL_MODEL_CALLS_ENABLED=MISSING;LIVE_SMS_DELIVERY=false;LIVE_EMAIL_DELIVERY=false;LIVE_PSTN_DIALING=false;PRODUCTION_DIALING=MISSING,/usr/local/bin/live-delivery-admission python -m control_plane_service.worker
codestra-kong-identity-certification-1,observability/security workload,unmapped,UNESTABLISHED,UNESTABLISHED,NOT_IN_SOURCE_LOCK,codestra/identity-certification:canonical-co-20260820,sha256:ffceaad23a8daf61bed7a069499c341ae2495b48dd77ca492ee965b761ff55af,sha256:ffceaad23a8daf61bed7a069499c341ae2495b48dd77ca492ee965b761ff55af,UNESTABLISHED,identity-certification,"/opt/codestra/kong/compose.yaml,/opt/codestra/kong/compose.identity-certification.yaml",/etc/codestra/secrets/identity-registry/database-url,sha256:ffceaad23a8daf61bed7a069499c341ae2495b48dd77ca492ee965b761ff55af,true,FAIL,LIVE_ADVERTISING_ENABLED=MISSING;EXTERNAL_DELIVERY_ENABLED=MISSING;SOCIAL_PUBLISHING_ENABLED=MISSING;EXTERNAL_MODEL_CALLS_ENABLED=MISSING;LIVE_SMS_DELIVERY=false;LIVE_EMAIL_DELIVERY=false;LIVE_PSTN_DIALING=false;PRODUCTION_DIALING=MISSING,/usr/local/bin/live-delivery-admission uvicorn identity_certification:app --host 0.0.0.0 --port 8080 --no-server-header --no-access-log
codestra-kong-kong-db-1,observability/security workload,unmapped,UNESTABLISHED,UNESTABLISHED,NOT_IN_SOURCE_LOCK,postgres@sha256:ef257d85f76e48da1c64832459b59fcaba1a4dac97bf5d7450c77753542eee94,sha256:ef257d85f76e48da1c64832459b59fcaba1a4dac97bf5d7450c77753542eee94,sha256:ef257d85f76e48da1c64832459b59fcaba1a4dac97bf5d7450c77753542eee94,UNESTABLISHED,kong-db,/opt/codestra/kong/compose.yaml,NO_SECRET_MOUNT_OBSERVED,postgres@sha256:ef257d85f76e48da1c64832459b59fcaba1a4dac97bf5d7450c77753542eee94,true,FAIL,LIVE_ADVERTISING_ENABLED=MISSING;EXTERNAL_DELIVERY_ENABLED=MISSING;SOCIAL_PUBLISHING_ENABLED=MISSING;EXTERNAL_MODEL_CALLS_ENABLED=MISSING;LIVE_SMS_DELIVERY=MISSING;LIVE_EMAIL_DELIVERY=MISSING;LIVE_PSTN_DIALING=MISSING;PRODUCTION_DIALING=MISSING,docker-entrypoint.sh postgres
codestra-kong-kong-gateway-1,observability/security workload,unmapped,https://github.com/Kong/kong-ee,6d5c260a6d40a07f40344bd51bb1d7d60df4a559,NOT_IN_SOURCE_LOCK,kong/kong-gateway:3.14.0.1-ubuntu,sha256:9cb0429e4641d29189118b20ef0a195569b9d65ef0536bc57907797874071689,sha256:9cb0429e4641d29189118b20ef0a195569b9d65ef0536bc57907797874071689,UNESTABLISHED,kong-gateway,"/opt/codestra/kong/compose.yaml,/root/codestra-control-plane-gateway/deploy/kong/compose.gateway-secret.yaml",/etc/codestra/secrets/control-plane-gateway/shared-secret,sha256:9cb0429e4641d29189118b20ef0a195569b9d65ef0536bc57907797874071689,true,FAIL,LIVE_ADVERTISING_ENABLED=MISSING;EXTERNAL_DELIVERY_ENABLED=MISSING;SOCIAL_PUBLISHING_ENABLED=MISSING;EXTERNAL_MODEL_CALLS_ENABLED=MISSING;LIVE_SMS_DELIVERY=MISSING;LIVE_EMAIL_DELIVERY=MISSING;LIVE_PSTN_DIALING=MISSING;PRODUCTION_DIALING=MISSING,/entrypoint.sh kong docker-start
codestra-kong-kong-test-upstream-1,observability/security workload,unmapped,UNESTABLISHED,UNESTABLISHED,NOT_IN_SOURCE_LOCK,nginx:1.29.1-alpine,sha256:42a516af16b852e33b7682d5ef8acbd5d13fe08fecadc7ed98605ba5e3b26ab8,sha256:42a516af16b852e33b7682d5ef8acbd5d13fe08fecadc7ed98605ba5e3b26ab8,UNESTABLISHED,kong-test-upstream,/opt/codestra/kong/compose.yaml,NO_SECRET_MOUNT_OBSERVED,sha256:42a516af16b852e33b7682d5ef8acbd5d13fe08fecadc7ed98605ba5e3b26ab8,true,FAIL,LIVE_ADVERTISING_ENABLED=MISSING;EXTERNAL_DELIVERY_ENABLED=MISSING;SOCIAL_PUBLISHING_ENABLED=MISSING;EXTERNAL_MODEL_CALLS_ENABLED=MISSING;LIVE_SMS_DELIVERY=MISSING;LIVE_EMAIL_DELIVERY=MISSING;LIVE_PSTN_DIALING=MISSING;PRODUCTION_DIALING=MISSING,/docker-entrypoint.sh nginx -g daemon off;
codestra-kong-service-auth-adapter-1,observability/security workload,unmapped,UNESTABLISHED,UNESTABLISHED,NOT_IN_SOURCE_LOCK,codestra/kong-service-auth-adapter:20260820,sha256:aa1d68841f4fdddac0c445d26a953fdbfe1e311a0540a3a1c588a8b98af1ec71,sha256:aa1d68841f4fdddac0c445d26a953fdbfe1e311a0540a3a1c588a8b98af1ec71,UNESTABLISHED,adapter,/opt/codestra/kong-service-auth-adapter/compose.yaml,/etc/codestra/secrets/kong-service-auth/crm-gateway-secret;/etc/codestra/secrets/kong-service-auth/sms-gateway-token,sha256:aa1d68841f4fdddac0c445d26a953fdbfe1e311a0540a3a1c588a8b98af1ec71,true,FAIL,LIVE_ADVERTISING_ENABLED=MISSING;EXTERNAL_DELIVERY_ENABLED=MISSING;SOCIAL_PUBLISHING_ENABLED=MISSING;EXTERNAL_MODEL_CALLS_ENABLED=MISSING;LIVE_SMS_DELIVERY=MISSING;LIVE_EMAIL_DELIVERY=MISSING;LIVE_PSTN_DIALING=MISSING;PRODUCTION_DIALING=MISSING,python /app/adapter.py
codestra-mail-api-mail-api-1,provider workload,unmapped,UNESTABLISHED,UNESTABLISHED,NOT_IN_SOURCE_LOCK,codestra/mail-api:20260822,sha256:7495d5f0d79f027456ed61b7c3c2ea9331c228f3d2e10bceef3178eef5a62594,sha256:7495d5f0d79f027456ed61b7c3c2ea9331c228f3d2e10bceef3178eef5a62594,UNESTABLISHED,mail-api,/root/codestra-production-completion/deploy/mail-platform/compose.api.yaml,NO_SECRET_MOUNT_OBSERVED,sha256:7495d5f0d79f027456ed61b7c3c2ea9331c228f3d2e10bceef3178eef5a62594,true,FAIL,LIVE_ADVERTISING_ENABLED=MISSING;EXTERNAL_DELIVERY_ENABLED=MISSING;SOCIAL_PUBLISHING_ENABLED=MISSING;EXTERNAL_MODEL_CALLS_ENABLED=MISSING;LIVE_SMS_DELIVERY=MISSING;LIVE_EMAIL_DELIVERY=MISSING;LIVE_PSTN_DIALING=MISSING;PRODUCTION_DIALING=MISSING,uvicorn mail_platform.api:app --host 0.0.0.0 --port 8098 --proxy-headers --forwarded-allow-ips *
codestra-mail-isolated-stalwart-1,provider workload,unmapped,https://github.com/stalwartlabs/stalwart,d08305df2e865ccf8b0676fd63ebd37d25aef787,NOT_IN_SOURCE_LOCK,stalwartlabs/stalwart:v0.16,sha256:9ed1d343243b7aa72969e372a7240b7ddea07730781d4b68a0dc3d8d51c418bb,sha256:9ed1d343243b7aa72969e372a7240b7ddea07730781d4b68a0dc3d8d51c418bb,UNESTABLISHED,stalwart,/root/codestra-production-completion/deploy/mail-platform/compose.isolated.yaml,NO_SECRET_MOUNT_OBSERVED,sha256:9ed1d343243b7aa72969e372a7240b7ddea07730781d4b68a0dc3d8d51c418bb,true,FAIL,LIVE_ADVERTISING_ENABLED=MISSING;EXTERNAL_DELIVERY_ENABLED=MISSING;SOCIAL_PUBLISHING_ENABLED=MISSING;EXTERNAL_MODEL_CALLS_ENABLED=MISSING;LIVE_SMS_DELIVERY=MISSING;LIVE_EMAIL_DELIVERY=MISSING;LIVE_PSTN_DIALING=MISSING;PRODUCTION_DIALING=MISSING,/usr/local/bin/stalwart --config /etc/stalwart/config.json
codestra-middleware-1,legacy workload,unmapped,https://github.com/Codestra-SRL/codestra-middleware,b3ca9aa458fef843e3065aeff3397c656349f138,NOT_IN_SOURCE_LOCK,codestra/middleware:health-contract-b3ca9aa,sha256:5dd751a9da60e2417c9ee553ddea68f54e76981dcc896eb3676b27617d121f38,sha256:5dd751a9da60e2417c9ee553ddea68f54e76981dcc896eb3676b27617d121f38,UNESTABLISHED,middleware,"/opt/codestra/compose/compose.yaml,/opt/codestra/compose/compose.middleware-runtime.yaml,/opt/codestra/compose/compose.phase-n2-activation.yaml,/opt/codestra/compose/compose.final-production-trust.yaml,/opt/codestra/compose/compose.scraper-ingress-disabled.yaml,/opt/codestra/compose/compose.health-contract-remediation.yaml,/opt/codestra/compose/compose.live-delivery-safety.yaml",/etc/codestra/secrets/codestra-compose/database_url;/etc/codestra/secrets/codestra-compose/middleware_secret;/etc/codestra/secrets/codestra-compose/odoo_identity_hmac;/etc/codestra/secrets/codestra-compose/provisioning/ca.crt;/etc/codestra/secrets/codestra-compose/provisioning/client_secret;/etc/codestra/secrets/codestra-compose/redis_url;/etc/codestra/secrets/codestra-compose/webhook_shared_secret;/etc/codestra/secrets/middleware-runtime/quarantine-encryption-key;/etc/codestra/secrets/middleware-runtime/quarantine-fingerprint-key;/etc/codestra/secrets/middleware-runtime/quarantine-reviewer-key;/etc/codestra/secrets/telephony-publisher/keys.json;/etc/codestra/secrets/vicidial-callback-hmac;/etc/codestra/secrets/vicidial-mtls,sha256:5dd751a9da60e2417c9ee553ddea68f54e76981dcc896eb3676b27617d121f38,true,FAIL,LIVE_ADVERTISING_ENABLED=MISSING;EXTERNAL_DELIVERY_ENABLED=false;SOCIAL_PUBLISHING_ENABLED=MISSING;EXTERNAL_MODEL_CALLS_ENABLED=MISSING;LIVE_SMS_DELIVERY=false;LIVE_EMAIL_DELIVERY=false;LIVE_PSTN_DIALING=false;PRODUCTION_DIALING=false,/usr/local/bin/live-delivery-admission python -m app.entrypoints.integration_api
codestra-middleware-breero-odoo-worker-1,legacy workload,unmapped,https://github.com/Codestra-SRL/codestra-middleware,51416422eaaa959c8c7223ad1434287597eb8007,NOT_IN_SOURCE_LOCK,codestra/middleware:breero-51416422,sha256:961c0569a5033cdb494d211fd32cfe20d7efd42d3900f02c2d3f0ac7bfdcfa63,sha256:961c0569a5033cdb494d211fd32cfe20d7efd42d3900f02c2d3f0ac7bfdcfa63,UNESTABLISHED,middleware-breero-odoo-worker,"/opt/codestra/compose/compose.yaml,/opt/codestra/compose/compose.middleware-runtime.yaml,/opt/codestra/compose/compose.phase-n2-activation.yaml,/opt/codestra/compose/compose.final-production-trust.yaml,/opt/codestra/compose/compose.schema2-recovery-20260812.yaml,/opt/codestra/compose/compose.server-a-readiness-5bb5a048.yaml,/opt/codestra/compose/compose.breero-worker-a9e890c.yaml,/opt/codestra/compose/compose.live-delivery-breero.yaml",/etc/codestra/secrets/breero-odoo/api-key;/etc/codestra/secrets/codestra-compose/middleware_secret;/etc/codestra/secrets/codestra-compose/redis_url;/etc/codestra/secrets/codestra-compose/webhook_shared_secret;/etc/codestra/secrets/middleware-runtime/middleware-integration-api-database-url;/etc/codestra/secrets/middleware-runtime/quarantine-encryption-key;/etc/codestra/secrets/middleware-runtime/quarantine-fingerprint-key;/etc/codestra/secrets/telephony-publisher/keys.json;/etc/codestra/secrets/vicidial-callback-hmac;/etc/codestra/secrets/vicidial-mtls,sha256:961c0569a5033cdb494d211fd32cfe20d7efd42d3900f02c2d3f0ac7bfdcfa63,true,FAIL,LIVE_ADVERTISING_ENABLED=MISSING;EXTERNAL_DELIVERY_ENABLED=false;SOCIAL_PUBLISHING_ENABLED=MISSING;EXTERNAL_MODEL_CALLS_ENABLED=MISSING;LIVE_SMS_DELIVERY=false;LIVE_EMAIL_DELIVERY=false;LIVE_PSTN_DIALING=false;PRODUCTION_DIALING=MISSING,/usr/local/bin/live-delivery-admission python -m app.entrypoints.breero_odoo_worker
codestra-middleware-event-gateway-1,legacy workload,unmapped,https://github.com/Codestra-SRL/codestra-middleware,4a3ac0b57a61baf63310c55048a7897556faa9a972083b86761e91391ae2317b,NOT_IN_SOURCE_LOCK,codestra/middleware:webhook-cert-pg-20260816,sha256:93cbb4a11765ad92e9bbf1a1bb9601f15a540164b4e7d6647cb0f16d588ab6e0,sha256:93cbb4a11765ad92e9bbf1a1bb9601f15a540164b4e7d6647cb0f16d588ab6e0,UNESTABLISHED,middleware-event-gateway,"/opt/codestra/compose/compose.yaml,/opt/codestra/compose/compose.middleware-runtime.yaml,/opt/codestra/compose/compose.phase-n2-activation.yaml,/opt/codestra/compose/compose.final-production-trust.yaml,/opt/codestra/compose/compose.schema2-recovery-20260812.yaml,/opt/codestra/compose/compose.server-a-readiness-5bb5a048.yaml,/opt/codestra/releases/middleware-51416422/deploy/readiness/compose.private-vicidial-ingress.yaml,/opt/codestra/compose/compose.breero-worker-a9e890c.yaml,/opt/codestra/compose/compose.scraper-ingress-disabled.yaml,/opt/codestra/compose/compose.scraper-monitoring-worker-disabled.yaml,/opt/codestra/compose/compose.external-webhook.yaml,/opt/codestra/compose/compose.live-delivery-safety.yaml",/etc/codestra/secrets/breero-ingress/identities.json;/etc/codestra/secrets/breero-ingress/production-hmac;/etc/codestra/secrets/breero-ingress/staging-hmac;/etc/codestra/secrets/codestra-compose/middleware_secret;/etc/codestra/secrets/codestra-compose/redis_url;/etc/codestra/secrets/codestra-compose/webhook_shared_secret;/etc/codestra/secrets/external-webhooks;/etc/codestra/secrets/middleware-runtime/middleware-event-gateway-database-url;/etc/codestra/secrets/middleware-runtime/quarantine-encryption-key;/etc/codestra/secrets/middleware-runtime/quarantine-fingerprint-key;/etc/codestra/secrets/telephony-publisher/keys-readiness.json;/etc/codestra/secrets/vicidial-callback-hmac;/etc/codestra/secrets/vicidial-mtls,sha256:93cbb4a11765ad92e9bbf1a1bb9601f15a540164b4e7d6647cb0f16d588ab6e0,true,FAIL,LIVE_ADVERTISING_ENABLED=MISSING;EXTERNAL_DELIVERY_ENABLED=false;SOCIAL_PUBLISHING_ENABLED=MISSING;EXTERNAL_MODEL_CALLS_ENABLED=MISSING;LIVE_SMS_DELIVERY=false;LIVE_EMAIL_DELIVERY=false;LIVE_PSTN_DIALING=false;PRODUCTION_DIALING=MISSING,/usr/local/bin/live-delivery-admission python -m app.entrypoints.event_gateway
codestra-middleware-evidence-runner-1,legacy workload,unmapped,https://github.com/Codestra-SRL/codestra-middleware,b3ca9aa458fef843e3065aeff3397c656349f138,NOT_IN_SOURCE_LOCK,codestra/middleware@sha256:1a9e13a0c930d36076b5742e17f948dc85d9bc6ace90e58052756c8b1ad42700,sha256:1a9e13a0c930d36076b5742e17f948dc85d9bc6ace90e58052756c8b1ad42700,sha256:1a9e13a0c930d36076b5742e17f948dc85d9bc6ace90e58052756c8b1ad42700,UNESTABLISHED,middleware-evidence-runner,"/opt/codestra/compose/compose.yaml,/opt/codestra/compose/compose.middleware-runtime.yaml,/opt/codestra/compose/compose.phase-n2-activation.yaml,/opt/codestra/compose/compose.final-production-trust.yaml,/opt/codestra/compose/compose.live-delivery-safety.yaml",/etc/codestra/secrets/codestra-compose/middleware_secret;/etc/codestra/secrets/codestra-compose/redis_url;/etc/codestra/secrets/codestra-compose/webhook_shared_secret;/etc/codestra/secrets/middleware-runtime/middleware-evidence-runner-database-url,codestra/middleware@sha256:1a9e13a0c930d36076b5742e17f948dc85d9bc6ace90e58052756c8b1ad42700,true,FAIL,LIVE_ADVERTISING_ENABLED=MISSING;EXTERNAL_DELIVERY_ENABLED=false;SOCIAL_PUBLISHING_ENABLED=MISSING;EXTERNAL_MODEL_CALLS_ENABLED=MISSING;LIVE_SMS_DELIVERY=false;LIVE_EMAIL_DELIVERY=false;LIVE_PSTN_DIALING=false;PRODUCTION_DIALING=MISSING,/usr/local/bin/live-delivery-admission python -m app.entrypoints.evidence_runner
codestra-middleware-extension-allocator-1,legacy workload,unmapped,https://github.com/Codestra-SRL/codestra-middleware,b3ca9aa458fef843e3065aeff3397c656349f138,NOT_IN_SOURCE_LOCK,codestra/middleware@sha256:1a9e13a0c930d36076b5742e17f948dc85d9bc6ace90e58052756c8b1ad42700,sha256:1a9e13a0c930d36076b5742e17f948dc85d9bc6ace90e58052756c8b1ad42700,sha256:1a9e13a0c930d36076b5742e17f948dc85d9bc6ace90e58052756c8b1ad42700,UNESTABLISHED,middleware-extension-allocator,"/opt/codestra/compose/compose.yaml,/opt/codestra/compose/compose.middleware-runtime.yaml,/opt/codestra/compose/compose.phase-n2-activation.yaml,/opt/codestra/compose/compose.final-production-trust.yaml,/opt/codestra/compose/compose.live-delivery-safety.yaml",/etc/codestra/secrets/codestra-compose/middleware_secret;/etc/codestra/secrets/codestra-compose/redis_url;/etc/codestra/secrets/codestra-compose/webhook_shared_secret;/etc/codestra/secrets/middleware-runtime/middleware-extension-allocator-database-url,codestra/middleware@sha256:1a9e13a0c930d36076b5742e17f948dc85d9bc6ace90e58052756c8b1ad42700,true,FAIL,LIVE_ADVERTISING_ENABLED=MISSING;EXTERNAL_DELIVERY_ENABLED=false;SOCIAL_PUBLISHING_ENABLED=MISSING;EXTERNAL_MODEL_CALLS_ENABLED=MISSING;LIVE_SMS_DELIVERY=false;LIVE_EMAIL_DELIVERY=false;LIVE_PSTN_DIALING=false;PRODUCTION_DIALING=MISSING,/usr/local/bin/live-delivery-admission python -m app.entrypoints.extension_allocator
codestra-middleware-external-webhook-worker-1,legacy workload,unmapped,https://github.com/Codestra-SRL/codestra-middleware,4a3ac0b57a61baf63310c55048a7897556faa9a972083b86761e91391ae2317b,NOT_IN_SOURCE_LOCK,codestra/middleware:webhook-cert-pg-20260816,sha256:93cbb4a11765ad92e9bbf1a1bb9601f15a540164b4e7d6647cb0f16d588ab6e0,sha256:93cbb4a11765ad92e9bbf1a1bb9601f15a540164b4e7d6647cb0f16d588ab6e0,UNESTABLISHED,middleware-external-webhook-worker,"/opt/codestra/compose/compose.yaml,/opt/codestra/compose/compose.middleware-runtime.yaml,/opt/codestra/compose/compose.phase-n2-activation.yaml,/opt/codestra/compose/compose.final-production-trust.yaml,/opt/codestra/compose/compose.schema2-recovery-20260812.yaml,/opt/codestra/compose/compose.server-a-readiness-5bb5a048.yaml,/opt/codestra/releases/middleware-51416422/deploy/readiness/compose.private-vicidial-ingress.yaml,/opt/codestra/compose/compose.breero-worker-a9e890c.yaml,/opt/codestra/compose/compose.scraper-ingress-disabled.yaml,/opt/codestra/compose/compose.scraper-monitoring-worker-disabled.yaml,/opt/codestra/compose/compose.external-webhook.yaml,/opt/codestra/compose/compose.live-delivery-external-webhook.yaml",/etc/codestra/secrets/codestra-compose/middleware_secret;/etc/codestra/secrets/codestra-compose/redis_url;/etc/codestra/secrets/codestra-compose/webhook_shared_secret;/etc/codestra/secrets/external-webhooks;/etc/codestra/secrets/external-webhooks/n8n-header-token;/etc/codestra/secrets/middleware-runtime/middleware-event-gateway-database-url;/etc/codestra/secrets/middleware-runtime/quarantine-encryption-key;/etc/codestra/secrets/middleware-runtime/quarantine-fingerprint-key;/etc/codestra/secrets/vicidial-callback-hmac,sha256:93cbb4a11765ad92e9bbf1a1bb9601f15a540164b4e7d6647cb0f16d588ab6e0,true,FAIL,LIVE_ADVERTISING_ENABLED=MISSING;EXTERNAL_DELIVERY_ENABLED=false;SOCIAL_PUBLISHING_ENABLED=MISSING;EXTERNAL_MODEL_CALLS_ENABLED=MISSING;LIVE_SMS_DELIVERY=false;LIVE_EMAIL_DELIVERY=false;LIVE_PSTN_DIALING=false;PRODUCTION_DIALING=MISSING,/usr/local/bin/live-delivery-admission python -m app.entrypoints.external_webhook_worker
codestra-middleware-integration-api-1,legacy workload,unmapped,https://github.com/Codestra-SRL/codestra-middleware,35448ef85ae56db3651a72b61db8e242b7aacd2e,NOT_IN_SOURCE_LOCK,ghcr.io/codestra-srl/codestra-middleware@sha256:09d4bd0f7b2376e0a06d3efae27a6642429389fa7e3277791ec0b36584e87175,sha256:09d4bd0f7b2376e0a06d3efae27a6642429389fa7e3277791ec0b36584e87175,sha256:09d4bd0f7b2376e0a06d3efae27a6642429389fa7e3277791ec0b36584e87175,UNESTABLISHED,middleware-integration-api,"/opt/codestra/compose/compose.yaml,/opt/codestra/compose/compose.middleware-runtime.yaml,/opt/codestra/compose/compose.phase-n2-activation.yaml,/opt/codestra/compose/compose.final-production-trust.yaml,/opt/codestra/compose/compose.scraper-ingress-disabled.yaml,/opt/codestra/compose/compose.health-contract-remediation.yaml,/opt/codestra/compose/compose.live-delivery-safety.yaml,/home/codestra-admin/releases/callback-production-20260822.override.yaml,/home/codestra-admin/releases/campaign-crm-middleware-d30babd.override.yaml",/etc/codestra/secrets/codestra-compose/middleware_secret;/etc/codestra/secrets/codestra-compose/odoo_identity_hmac;/etc/codestra/secrets/codestra-compose/provisioning/ca.crt;/etc/codestra/secrets/codestra-compose/provisioning/client_secret;/etc/codestra/secrets/codestra-compose/redis_url;/etc/codestra/secrets/codestra-compose/webhook_shared_secret;/etc/codestra/secrets/internal-n8n/middleware-client-secret;/etc/codestra/secrets/internal-n8n/odoo-results-client-secret;/etc/codestra/secrets/internal-n8n/runtime-hmac;/etc/codestra/secrets/middleware-runtime/middleware-integration-api-database-url;/etc/codestra/secrets/middleware-runtime/quarantine-encryption-key;/etc/codestra/secrets/middleware-runtime/quarantine-fingerprint-key;/etc/codestra/secrets/middleware-runtime/quarantine-reviewer-key;/etc/codestra/secrets/middleware-staging/postly/postiz_api_key;/etc/codestra/secrets/scraper-ingress/hmac-keys;/etc/codestra/secrets/vicidial-mtls,ghcr.io/codestra-srl/codestra-middleware@sha256:09d4bd0f7b2376e0a06d3efae27a6642429389fa7e3277791ec0b36584e87175,true,FAIL,LIVE_ADVERTISING_ENABLED=MISSING;EXTERNAL_DELIVERY_ENABLED=false;SOCIAL_PUBLISHING_ENABLED=MISSING;EXTERNAL_MODEL_CALLS_ENABLED=MISSING;LIVE_SMS_DELIVERY=false;LIVE_EMAIL_DELIVERY=false;LIVE_PSTN_DIALING=false;PRODUCTION_DIALING=false,/usr/local/bin/live-delivery-admission /opt/venv/bin/python -m app.entrypoints.integration_api
codestra-middleware-n8n-runtime-worker-1,legacy workload,unmapped,https://github.com/Codestra-SRL/codestra-middleware,b3ca9aa458fef843e3065aeff3397c656349f138,NOT_IN_SOURCE_LOCK,codestra/middleware@sha256:1a9e13a0c930d36076b5742e17f948dc85d9bc6ace90e58052756c8b1ad42700,sha256:1a9e13a0c930d36076b5742e17f948dc85d9bc6ace90e58052756c8b1ad42700,sha256:1a9e13a0c930d36076b5742e17f948dc85d9bc6ace90e58052756c8b1ad42700,UNESTABLISHED,middleware-n8n-runtime-worker,"/opt/codestra/compose/compose.yaml,/opt/codestra/compose/compose.middleware-runtime.yaml,/opt/codestra/compose/compose.phase-n2-activation.yaml,/opt/codestra/compose/compose.final-production-trust.yaml,/opt/codestra/compose/compose.live-delivery-safety.yaml",/etc/codestra/secrets/codestra-compose/middleware_secret;/etc/codestra/secrets/codestra-compose/redis_url;/etc/codestra/secrets/codestra-compose/webhook_shared_secret;/etc/codestra/secrets/internal-n8n/runtime-hmac;/etc/codestra/secrets/middleware-runtime/middleware-integration-api-database-url,codestra/middleware@sha256:1a9e13a0c930d36076b5742e17f948dc85d9bc6ace90e58052756c8b1ad42700,true,FAIL,LIVE_ADVERTISING_ENABLED=MISSING;EXTERNAL_DELIVERY_ENABLED=false;SOCIAL_PUBLISHING_ENABLED=MISSING;EXTERNAL_MODEL_CALLS_ENABLED=MISSING;LIVE_SMS_DELIVERY=false;LIVE_EMAIL_DELIVERY=false;LIVE_PSTN_DIALING=false;PRODUCTION_DIALING=MISSING,/usr/local/bin/live-delivery-admission python -m app.entrypoints.n8n_runtime_worker
codestra-middleware-notification-worker-1,legacy workload,unmapped,https://github.com/Codestra-SRL/codestra-middleware,9118e5bc01f9ce4a52add8753c096d061cd84848,NOT_IN_SOURCE_LOCK,ghcr.io/codestra-srl/codestra-middleware@sha256:73fe86858d7a9303bbb151c77097aa43c0739e71c4781636e7db81dd4eadbf98,sha256:73fe86858d7a9303bbb151c77097aa43c0739e71c4781636e7db81dd4eadbf98,sha256:73fe86858d7a9303bbb151c77097aa43c0739e71c4781636e7db81dd4eadbf98,UNESTABLISHED,middleware-notification-worker,"/opt/codestra/compose/compose.yaml,/opt/codestra/compose/compose.middleware-runtime.yaml,/opt/codestra/compose/compose.phase-n2-activation.yaml,/opt/codestra/compose/compose.final-production-trust.yaml,/opt/codestra/compose/compose.scraper-ingress-disabled.yaml,/opt/codestra/compose/compose.health-contract-remediation.yaml,/opt/codestra/compose/compose.live-delivery-safety.yaml,/home/codestra-admin/releases/callback-production-20260822.override.yaml",/etc/codestra/secrets/codestra-compose/middleware_secret;/etc/codestra/secrets/codestra-compose/redis_url;/etc/codestra/secrets/codestra-compose/webhook_shared_secret;/etc/codestra/secrets/middleware-runtime/middleware-notification-worker-database-url;/etc/codestra/secrets/websocket-gateway/internal_token,ghcr.io/codestra-srl/codestra-middleware@sha256:73fe86858d7a9303bbb151c77097aa43c0739e71c4781636e7db81dd4eadbf98,true,FAIL,LIVE_ADVERTISING_ENABLED=MISSING;EXTERNAL_DELIVERY_ENABLED=false;SOCIAL_PUBLISHING_ENABLED=MISSING;EXTERNAL_MODEL_CALLS_ENABLED=MISSING;LIVE_SMS_DELIVERY=false;LIVE_EMAIL_DELIVERY=false;LIVE_PSTN_DIALING=false;PRODUCTION_DIALING=false,/usr/local/bin/live-delivery-admission /opt/venv/bin/python -m app.entrypoints.notification_worker
codestra-middleware-odoo-result-worker-1,legacy workload,unmapped,https://github.com/Codestra-SRL/codestra-middleware,d30babd35b7b82aab312f16940f5b8d2f7797f1d,NOT_IN_SOURCE_LOCK,ghcr.io/codestra-srl/codestra-middleware@sha256:ab74b9eb56c9625597476ab6669b065b471314c912cb2d4677118de230e3d4e2,sha256:ab74b9eb56c9625597476ab6669b065b471314c912cb2d4677118de230e3d4e2,sha256:ab74b9eb56c9625597476ab6669b065b471314c912cb2d4677118de230e3d4e2,production,middleware-odoo-result-worker,"/opt/codestra/middleware/deploy/compose.runtime.yaml,/tmp/worker-recreate-safety.yaml,/opt/codestra/middleware/deploy/compose.campaign-crm-d30babd.yaml",/etc/codestra/secrets/codestra-compose/middleware_secret;/etc/codestra/secrets/codestra-compose/redis_url;/etc/codestra/secrets/codestra-compose/webhook_shared_secret;/etc/codestra/secrets/internal-n8n/odoo-results-client-secret;/etc/codestra/secrets/internal-n8n/registry-snapshot-key;/etc/codestra/secrets/middleware-runtime/middleware-odoo-result-worker-database-url,ghcr.io/codestra-srl/codestra-middleware@sha256:ab74b9eb56c9625597476ab6669b065b471314c912cb2d4677118de230e3d4e2,true,FAIL,LIVE_ADVERTISING_ENABLED=MISSING;EXTERNAL_DELIVERY_ENABLED=false;SOCIAL_PUBLISHING_ENABLED=MISSING;EXTERNAL_MODEL_CALLS_ENABLED=MISSING;LIVE_SMS_DELIVERY=false;LIVE_EMAIL_DELIVERY=false;LIVE_PSTN_DIALING=false;PRODUCTION_DIALING=false,/usr/local/bin/live-delivery-admission /opt/venv/bin/python -m app.entrypoints.odoo_result_worker
codestra-middleware-pjsip-adapter-1,legacy workload,unmapped,https://github.com/Codestra-SRL/codestra-middleware,b3ca9aa458fef843e3065aeff3397c656349f138,NOT_IN_SOURCE_LOCK,codestra/middleware@sha256:1a9e13a0c930d36076b5742e17f948dc85d9bc6ace90e58052756c8b1ad42700,sha256:1a9e13a0c930d36076b5742e17f948dc85d9bc6ace90e58052756c8b1ad42700,sha256:1a9e13a0c930d36076b5742e17f948dc85d9bc6ace90e58052756c8b1ad42700,UNESTABLISHED,middleware-pjsip-adapter,"/opt/codestra/compose/compose.yaml,/opt/codestra/compose/compose.middleware-runtime.yaml,/opt/codestra/compose/compose.phase-n2-activation.yaml,/opt/codestra/compose/compose.final-production-trust.yaml,/opt/codestra/compose/compose.live-delivery-safety.yaml",/etc/codestra/secrets/codestra-compose/middleware_secret;/etc/codestra/secrets/codestra-compose/redis_url;/etc/codestra/secrets/codestra-compose/webhook_shared_secret;/etc/codestra/secrets/middleware-runtime/middleware-pjsip-adapter-database-url;/etc/codestra/secrets/vicidial-mtls,codestra/middleware@sha256:1a9e13a0c930d36076b5742e17f948dc85d9bc6ace90e58052756c8b1ad42700,true,FAIL,LIVE_ADVERTISING_ENABLED=MISSING;EXTERNAL_DELIVERY_ENABLED=false;SOCIAL_PUBLISHING_ENABLED=MISSING;EXTERNAL_MODEL_CALLS_ENABLED=MISSING;LIVE_SMS_DELIVERY=false;LIVE_EMAIL_DELIVERY=false;LIVE_PSTN_DIALING=false;PRODUCTION_DIALING=false,/usr/local/bin/live-delivery-admission python -m app.entrypoints.pjsip_adapter
codestra-middleware-policy-engine-1,legacy workload,unmapped,https://github.com/Codestra-SRL/codestra-middleware,b3ca9aa458fef843e3065aeff3397c656349f138,NOT_IN_SOURCE_LOCK,codestra/middleware@sha256:1a9e13a0c930d36076b5742e17f948dc85d9bc6ace90e58052756c8b1ad42700,sha256:1a9e13a0c930d36076b5742e17f948dc85d9bc6ace90e58052756c8b1ad42700,sha256:1a9e13a0c930d36076b5742e17f948dc85d9bc6ace90e58052756c8b1ad42700,UNESTABLISHED,middleware-policy-engine,"/opt/codestra/compose/compose.yaml,/opt/codestra/compose/compose.middleware-runtime.yaml,/opt/codestra/compose/compose.phase-n2-activation.yaml,/opt/codestra/compose/compose.final-production-trust.yaml,/opt/codestra/compose/compose.live-delivery-safety.yaml",/etc/codestra/secrets/codestra-compose/middleware_secret;/etc/codestra/secrets/codestra-compose/redis_url;/etc/codestra/secrets/codestra-compose/webhook_shared_secret;/etc/codestra/secrets/middleware-runtime/middleware-policy-engine-database-url,codestra/middleware@sha256:1a9e13a0c930d36076b5742e17f948dc85d9bc6ace90e58052756c8b1ad42700,true,FAIL,LIVE_ADVERTISING_ENABLED=MISSING;EXTERNAL_DELIVERY_ENABLED=false;SOCIAL_PUBLISHING_ENABLED=MISSING;EXTERNAL_MODEL_CALLS_ENABLED=MISSING;LIVE_SMS_DELIVERY=false;LIVE_EMAIL_DELIVERY=false;LIVE_PSTN_DIALING=false;PRODUCTION_DIALING=MISSING,/usr/local/bin/live-delivery-admission python -m app.entrypoints.policy_engine
codestra-middleware-postly-polling-worker-1,legacy workload,unmapped,https://github.com/Codestra-SRL/codestra-middleware,b3ca9aa458fef843e3065aeff3397c656349f138,NOT_IN_SOURCE_LOCK,codestra/middleware@sha256:d3ac2b34d216064bc579feedca9cc2d4079ebe44943a6417ab31437c79df8dd8,sha256:d3ac2b34d216064bc579feedca9cc2d4079ebe44943a6417ab31437c79df8dd8,sha256:d3ac2b34d216064bc579feedca9cc2d4079ebe44943a6417ab31437c79df8dd8,UNESTABLISHED,middleware-postly-polling-worker,"/opt/codestra/compose/compose.yaml,/opt/codestra/compose/compose.middleware-runtime.yaml,/opt/codestra/compose/compose.phase-n2-activation.yaml,/opt/codestra/compose/compose.final-production-trust.yaml,/opt/codestra/compose/compose.scraper-ingress-disabled.yaml,/opt/codestra/compose/compose.health-contract-remediation.yaml,/opt/codestra/compose/compose.live-delivery-safety.yaml",/etc/codestra/secrets/codestra-compose/middleware_secret;/etc/codestra/secrets/codestra-compose/redis_url;/etc/codestra/secrets/codestra-compose/webhook_shared_secret;/etc/codestra/secrets/middleware-runtime/middleware-integration-api-database-url;/etc/codestra/secrets/middleware-staging/postly/postiz_api_key,codestra/middleware@sha256:d3ac2b34d216064bc579feedca9cc2d4079ebe44943a6417ab31437c79df8dd8,true,FAIL,LIVE_ADVERTISING_ENABLED=MISSING;EXTERNAL_DELIVERY_ENABLED=false;SOCIAL_PUBLISHING_ENABLED=MISSING;EXTERNAL_MODEL_CALLS_ENABLED=MISSING;LIVE_SMS_DELIVERY=false;LIVE_EMAIL_DELIVERY=false;LIVE_PSTN_DIALING=false;PRODUCTION_DIALING=MISSING,/usr/local/bin/live-delivery-admission python -m app.entrypoints.postly_polling_worker
codestra-middleware-reconciliation-worker-1,legacy workload,unmapped,https://github.com/Codestra-SRL/codestra-middleware,b3ca9aa458fef843e3065aeff3397c656349f138,NOT_IN_SOURCE_LOCK,codestra/middleware@sha256:1a9e13a0c930d36076b5742e17f948dc85d9bc6ace90e58052756c8b1ad42700,sha256:1a9e13a0c930d36076b5742e17f948dc85d9bc6ace90e58052756c8b1ad42700,sha256:1a9e13a0c930d36076b5742e17f948dc85d9bc6ace90e58052756c8b1ad42700,UNESTABLISHED,middleware-reconciliation-worker,"/opt/codestra/compose/compose.yaml,/opt/codestra/compose/compose.middleware-runtime.yaml,/opt/codestra/compose/compose.phase-n2-activation.yaml,/opt/codestra/compose/compose.final-production-trust.yaml,/opt/codestra/compose/compose.live-delivery-safety.yaml",/etc/codestra/secrets/codestra-compose/middleware_secret;/etc/codestra/secrets/codestra-compose/redis_url;/etc/codestra/secrets/codestra-compose/webhook_shared_secret;/etc/codestra/secrets/middleware-runtime/middleware-reconciliation-worker-database-url,codestra/middleware@sha256:1a9e13a0c930d36076b5742e17f948dc85d9bc6ace90e58052756c8b1ad42700,true,FAIL,LIVE_ADVERTISING_ENABLED=MISSING;EXTERNAL_DELIVERY_ENABLED=false;SOCIAL_PUBLISHING_ENABLED=MISSING;EXTERNAL_MODEL_CALLS_ENABLED=MISSING;LIVE_SMS_DELIVERY=false;LIVE_EMAIL_DELIVERY=false;LIVE_PSTN_DIALING=false;PRODUCTION_DIALING=MISSING,/usr/local/bin/live-delivery-admission python -m app.entrypoints.reconciliation_worker
codestra-middleware-scheduler-1,legacy workload,unmapped,https://github.com/Codestra-SRL/codestra-middleware,9118e5bc01f9ce4a52add8753c096d061cd84848,NOT_IN_SOURCE_LOCK,ghcr.io/codestra-srl/codestra-middleware@sha256:73fe86858d7a9303bbb151c77097aa43c0739e71c4781636e7db81dd4eadbf98,sha256:73fe86858d7a9303bbb151c77097aa43c0739e71c4781636e7db81dd4eadbf98,sha256:73fe86858d7a9303bbb151c77097aa43c0739e71c4781636e7db81dd4eadbf98,UNESTABLISHED,middleware-scheduler,"/opt/codestra/compose/compose.yaml,/opt/codestra/compose/compose.middleware-runtime.yaml,/opt/codestra/compose/compose.phase-n2-activation.yaml,/opt/codestra/compose/compose.final-production-trust.yaml,/opt/codestra/compose/compose.scraper-ingress-disabled.yaml,/opt/codestra/compose/compose.health-contract-remediation.yaml,/opt/codestra/compose/compose.live-delivery-safety.yaml,/home/codestra-admin/releases/callback-production-20260822.override.yaml",/etc/codestra/secrets/codestra-compose/middleware_secret;/etc/codestra/secrets/codestra-compose/redis_url;/etc/codestra/secrets/codestra-compose/webhook_shared_secret;/etc/codestra/secrets/middleware-runtime/middleware-scheduler-database-url,ghcr.io/codestra-srl/codestra-middleware@sha256:73fe86858d7a9303bbb151c77097aa43c0739e71c4781636e7db81dd4eadbf98,true,FAIL,LIVE_ADVERTISING_ENABLED=MISSING;EXTERNAL_DELIVERY_ENABLED=false;SOCIAL_PUBLISHING_ENABLED=MISSING;EXTERNAL_MODEL_CALLS_ENABLED=MISSING;LIVE_SMS_DELIVERY=false;LIVE_EMAIL_DELIVERY=false;LIVE_PSTN_DIALING=false;PRODUCTION_DIALING=false,/usr/local/bin/live-delivery-admission /opt/venv/bin/python -m app.entrypoints.scheduler
codestra-middleware-scraper-odoo-delivery-worker-1,legacy workload,unmapped,https://github.com/Codestra-SRL/codestra-middleware,bab6f4332fec77611f6a364fd3c9c7f9cc022051,NOT_IN_SOURCE_LOCK,codestra/middleware@sha256:55dfe9ddfa8bfa94a9202284cb5276311e009066784bbde5dc05d5e1c3776492,sha256:55dfe9ddfa8bfa94a9202284cb5276311e009066784bbde5dc05d5e1c3776492,sha256:55dfe9ddfa8bfa94a9202284cb5276311e009066784bbde5dc05d5e1c3776492,production,middleware-scraper-odoo-delivery-worker,"/opt/codestra/compose/compose.yaml,/opt/codestra/compose/compose.middleware-runtime.yaml,/opt/codestra/compose/compose.phase-n2-activation.yaml,/opt/codestra/compose/compose.final-production-trust.yaml,/opt/codestra/compose/compose.scraper-ingress-disabled.yaml,/opt/codestra/compose/compose.scraper-monitoring-worker-disabled.yaml,/opt/codestra/compose/compose.live-delivery-scraper.yaml",/etc/codestra/secrets/codestra-compose/redis_url;/etc/codestra/secrets/middleware-runtime/middleware-integration-api-database-url,codestra/middleware@sha256:55dfe9ddfa8bfa94a9202284cb5276311e009066784bbde5dc05d5e1c3776492,true,FAIL,LIVE_ADVERTISING_ENABLED=MISSING;EXTERNAL_DELIVERY_ENABLED=MISSING;SOCIAL_PUBLISHING_ENABLED=MISSING;EXTERNAL_MODEL_CALLS_ENABLED=MISSING;LIVE_SMS_DELIVERY=false;LIVE_EMAIL_DELIVERY=false;LIVE_PSTN_DIALING=false;PRODUCTION_DIALING=MISSING,/usr/local/bin/live-delivery-admission python -m app.entrypoints.scraper_odoo_delivery_worker
codestra-middleware-social-n8n-delivery-worker-1,legacy workload,unmapped,https://github.com/Codestra-SRL/codestra-middleware,b3ca9aa458fef843e3065aeff3397c656349f138,NOT_IN_SOURCE_LOCK,codestra/middleware@sha256:1a9e13a0c930d36076b5742e17f948dc85d9bc6ace90e58052756c8b1ad42700,sha256:1a9e13a0c930d36076b5742e17f948dc85d9bc6ace90e58052756c8b1ad42700,sha256:1a9e13a0c930d36076b5742e17f948dc85d9bc6ace90e58052756c8b1ad42700,UNESTABLISHED,middleware-social-n8n-delivery-worker,"/opt/codestra/compose/compose.yaml,/opt/codestra/compose/compose.middleware-runtime.yaml,/opt/codestra/compose/compose.phase-n2-activation.yaml,/opt/codestra/compose/compose.final-production-trust.yaml,/opt/codestra/compose/compose.live-delivery-safety.yaml",/etc/codestra/secrets/codestra-compose/middleware_secret;/etc/codestra/secrets/codestra-compose/redis_url;/etc/codestra/secrets/codestra-compose/webhook_shared_secret;/etc/codestra/secrets/middleware-runtime/middleware-integration-api-database-url,codestra/middleware@sha256:1a9e13a0c930d36076b5742e17f948dc85d9bc6ace90e58052756c8b1ad42700,true,FAIL,LIVE_ADVERTISING_ENABLED=MISSING;EXTERNAL_DELIVERY_ENABLED=false;SOCIAL_PUBLISHING_ENABLED=MISSING;EXTERNAL_MODEL_CALLS_ENABLED=MISSING;LIVE_SMS_DELIVERY=false;LIVE_EMAIL_DELIVERY=false;LIVE_PSTN_DIALING=false;PRODUCTION_DIALING=MISSING,/usr/local/bin/live-delivery-admission python -m app.entrypoints.social_n8n_delivery_worker
codestra-middleware-staging-callback-staging-1,Codestra release workload,middleware,codestra-app:/opt/codestra/middleware,f1c07e0-reprofix2,c720e529ea89f1f0d5d035d4ac12a1d5aa30ab62,codestra/middleware:current-hardened-20260723,sha256:57a4a3a22278aa61bc443910927a308d594db287b8e2cd500ee12293e8a93f4d,sha256:57a4a3a22278aa61bc443910927a308d594db287b8e2cd500ee12293e8a93f4d,STAGING,callback-staging,/opt/codestra/middleware-staging/compose.yaml,/etc/codestra/secrets/staging-callback/callback_hmac;/etc/codestra/secrets/staging-callback/tls,sha256:57a4a3a22278aa61bc443910927a308d594db287b8e2cd500ee12293e8a93f4d,true,FAIL,LIVE_ADVERTISING_ENABLED=MISSING;EXTERNAL_DELIVERY_ENABLED=MISSING;SOCIAL_PUBLISHING_ENABLED=MISSING;EXTERNAL_MODEL_CALLS_ENABLED=MISSING;LIVE_SMS_DELIVERY=MISSING;LIVE_EMAIL_DELIVERY=MISSING;LIVE_PSTN_DIALING=MISSING;PRODUCTION_DIALING=MISSING,python3 /app/staging_callback_receiver.py
codestra-middleware-staging-middleware-staging-1,Codestra release workload,middleware,https://github.com/Codestra-SRL/codestra-middleware,b29db772ed82c0d2f1adfdb8e6da58d4baa77524,c720e529ea89f1f0d5d035d4ac12a1d5aa30ab62,codestra/middleware:staging-b29db772,sha256:b81c125296effc17a33258212d9a71a3c427a972fa9783ec2c060109d167408f,sha256:b81c125296effc17a33258212d9a71a3c427a972fa9783ec2c060109d167408f,staging,middleware-staging,/opt/codestra/middleware-staging/compose.yaml,/etc/codestra/secrets/middleware-staging/n8n-internal-auth/header_name;/etc/codestra/secrets/middleware-staging/n8n-internal-auth/token;/etc/codestra/secrets/middleware-staging/outbox_signature_secret;/etc/codestra/secrets/middleware-staging/postly/postiz_api_key;/etc/codestra/secrets/middleware-staging/redis-auth/redis_url;/etc/codestra/secrets/middleware-staging/social/postly_callback_hmac;/etc/codestra/secrets/middleware-staging/vicidial-adapter-hmac;/etc/codestra/secrets/middleware-staging/vicidial-mtls;/opt/codestra/secrets/identity-staging/middleware_client_secret,sha256:b81c125296effc17a33258212d9a71a3c427a972fa9783ec2c060109d167408f,true,FAIL,LIVE_ADVERTISING_ENABLED=MISSING;EXTERNAL_DELIVERY_ENABLED=false;SOCIAL_PUBLISHING_ENABLED=MISSING;EXTERNAL_MODEL_CALLS_ENABLED=MISSING;LIVE_SMS_DELIVERY=MISSING;LIVE_EMAIL_DELIVERY=MISSING;LIVE_PSTN_DIALING=MISSING;PRODUCTION_DIALING=MISSING,/bin/sh -c alembic upgrade head && exec uvicorn app.entrypoints.integration_api:app --host 0.0.0.0 --port 8095
codestra-middleware-staging-notification-worker-staging-1,Codestra release workload,middleware,appolon1908-hue/Middleware-,UNESTABLISHED,c720e529ea89f1f0d5d035d4ac12a1d5aa30ab62,codestra/middleware:staging-preflight-n8n-auth-20260801,sha256:ed7accf6d1f9ad7d84f43deba8caa0d58f8c40709c7b54d622d70df56b1f2386,sha256:ed7accf6d1f9ad7d84f43deba8caa0d58f8c40709c7b54d622d70df56b1f2386,staging,notification-worker-staging,/opt/codestra/middleware-staging/compose.yaml,/etc/codestra/secrets/middleware-staging/outbox_signature_secret;/etc/codestra/secrets/middleware-staging/redis-auth/redis_url;/etc/codestra/secrets/middleware-staging/vicidial-adapter-hmac;/etc/codestra/secrets/middleware-staging/vicidial-mtls;/opt/codestra/secrets/identity-staging/middleware_client_secret,sha256:ed7accf6d1f9ad7d84f43deba8caa0d58f8c40709c7b54d622d70df56b1f2386,true,FAIL,LIVE_ADVERTISING_ENABLED=MISSING;EXTERNAL_DELIVERY_ENABLED=false;SOCIAL_PUBLISHING_ENABLED=MISSING;EXTERNAL_MODEL_CALLS_ENABLED=MISSING;LIVE_SMS_DELIVERY=MISSING;LIVE_EMAIL_DELIVERY=MISSING;LIVE_PSTN_DIALING=MISSING;PRODUCTION_DIALING=MISSING,python -m app.entrypoints.notification_worker
codestra-middleware-staging-odoo-result-worker-staging-1,Codestra release workload,middleware,https://github.com/Codestra-SRL/codestra-middleware,b29db772ed82c0d2f1adfdb8e6da58d4baa77524,c720e529ea89f1f0d5d035d4ac12a1d5aa30ab62,codestra/middleware:staging-b29db772,sha256:b81c125296effc17a33258212d9a71a3c427a972fa9783ec2c060109d167408f,sha256:b81c125296effc17a33258212d9a71a3c427a972fa9783ec2c060109d167408f,staging,odoo-result-worker-staging,/opt/codestra/middleware-staging/compose.yaml,/etc/codestra/secrets/internal-n8n/registry-snapshot-key;/etc/codestra/secrets/middleware-staging/redis-auth/redis_url;/opt/codestra/secrets/identity-staging/middleware_client_secret,sha256:b81c125296effc17a33258212d9a71a3c427a972fa9783ec2c060109d167408f,true,FAIL,LIVE_ADVERTISING_ENABLED=MISSING;EXTERNAL_DELIVERY_ENABLED=false;SOCIAL_PUBLISHING_ENABLED=MISSING;EXTERNAL_MODEL_CALLS_ENABLED=MISSING;LIVE_SMS_DELIVERY=MISSING;LIVE_EMAIL_DELIVERY=MISSING;LIVE_PSTN_DIALING=MISSING;PRODUCTION_DIALING=MISSING,python -m app.entrypoints.odoo_result_worker
codestra-middleware-staging-postgres-1,Codestra release workload,middleware,appolon1908-hue/Middleware-,UNESTABLISHED,c720e529ea89f1f0d5d035d4ac12a1d5aa30ab62,postgres@sha256:ef257d85f76e48da1c64832459b59fcaba1a4dac97bf5d7450c77753542eee94,sha256:ef257d85f76e48da1c64832459b59fcaba1a4dac97bf5d7450c77753542eee94,sha256:ef257d85f76e48da1c64832459b59fcaba1a4dac97bf5d7450c77753542eee94,STAGING,postgres,/opt/codestra/middleware-staging/compose.yaml,NO_SECRET_MOUNT_OBSERVED,postgres@sha256:ef257d85f76e48da1c64832459b59fcaba1a4dac97bf5d7450c77753542eee94,false,NOT_APPLICABLE_INFRASTRUCTURE,LIVE_ADVERTISING_ENABLED=MISSING;EXTERNAL_DELIVERY_ENABLED=MISSING;SOCIAL_PUBLISHING_ENABLED=MISSING;EXTERNAL_MODEL_CALLS_ENABLED=MISSING;LIVE_SMS_DELIVERY=MISSING;LIVE_EMAIL_DELIVERY=MISSING;LIVE_PSTN_DIALING=MISSING;PRODUCTION_DIALING=MISSING,docker-entrypoint.sh postgres
codestra-middleware-staging-redis-1,Codestra release workload,middleware,appolon1908-hue/Middleware-,UNESTABLISHED,c720e529ea89f1f0d5d035d4ac12a1d5aa30ab62,redis@sha256:bb186d083732f669da90be8b0f975a37812b15e913465bb14d845db72a4e3e08,sha256:bb186d083732f669da90be8b0f975a37812b15e913465bb14d845db72a4e3e08,sha256:bb186d083732f669da90be8b0f975a37812b15e913465bb14d845db72a4e3e08,STAGING,redis,/opt/codestra/middleware-staging/compose.yaml,/etc/codestra/secrets/middleware-staging/redis-auth/redis_url;/etc/codestra/secrets/middleware-staging/redis-auth/users.acl,redis@sha256:bb186d083732f669da90be8b0f975a37812b15e913465bb14d845db72a4e3e08,false,NOT_APPLICABLE_INFRASTRUCTURE,LIVE_ADVERTISING_ENABLED=MISSING;EXTERNAL_DELIVERY_ENABLED=MISSING;SOCIAL_PUBLISHING_ENABLED=MISSING;EXTERNAL_MODEL_CALLS_ENABLED=MISSING;LIVE_SMS_DELIVERY=MISSING;LIVE_EMAIL_DELIVERY=MISSING;LIVE_PSTN_DIALING=MISSING;PRODUCTION_DIALING=MISSING,docker-entrypoint.sh redis-server --appendonly yes --save 60 1 --maxmemory 384mb --maxmemory-policy noeviction --aclfile /run/secrets/redis-users.acl
codestra-middleware-staging-scheduler-staging-1,Codestra release workload,middleware,appolon1908-hue/Middleware-,UNESTABLISHED,c720e529ea89f1f0d5d035d4ac12a1d5aa30ab62,codestra/middleware:staging-preflight-n8n-auth-20260801,sha256:ed7accf6d1f9ad7d84f43deba8caa0d58f8c40709c7b54d622d70df56b1f2386,sha256:ed7accf6d1f9ad7d84f43deba8caa0d58f8c40709c7b54d622d70df56b1f2386,staging,scheduler-staging,/opt/codestra/middleware-staging/compose.yaml,/etc/codestra/secrets/middleware-staging/outbox_signature_secret;/etc/codestra/secrets/middleware-staging/redis-auth/redis_url,sha256:ed7accf6d1f9ad7d84f43deba8caa0d58f8c40709c7b54d622d70df56b1f2386,true,FAIL,LIVE_ADVERTISING_ENABLED=MISSING;EXTERNAL_DELIVERY_ENABLED=false;SOCIAL_PUBLISHING_ENABLED=MISSING;EXTERNAL_MODEL_CALLS_ENABLED=MISSING;LIVE_SMS_DELIVERY=MISSING;LIVE_EMAIL_DELIVERY=MISSING;LIVE_PSTN_DIALING=MISSING;PRODUCTION_DIALING=MISSING,python -m app.entrypoints.scheduler
codestra-middleware-staging-scraper-odoo-delivery-worker-1,Codestra release workload,middleware,https://github.com/Codestra-SRL/codestra-middleware,4780bd72d1c574af4aed62d374ec50b208e8ea4c,c720e529ea89f1f0d5d035d4ac12a1d5aa30ab62,codestra/middleware:scraper-protected-main-4780bd72,sha256:dc97c48f3a29690635bf28de9f3d2562fac2dadb74b8744ea6e99c1bd4ffcda1,sha256:dc97c48f3a29690635bf28de9f3d2562fac2dadb74b8744ea6e99c1bd4ffcda1,staging,scraper-odoo-delivery-worker,"/opt/codestra/middleware-staging/compose.yaml,/opt/codestra/middleware-staging/compose.scraper-canary.yaml",/etc/codestra/secrets/middleware-staging/scraper_canary_hmac,sha256:dc97c48f3a29690635bf28de9f3d2562fac2dadb74b8744ea6e99c1bd4ffcda1,true,FAIL,LIVE_ADVERTISING_ENABLED=MISSING;EXTERNAL_DELIVERY_ENABLED=false;SOCIAL_PUBLISHING_ENABLED=MISSING;EXTERNAL_MODEL_CALLS_ENABLED=MISSING;LIVE_SMS_DELIVERY=MISSING;LIVE_EMAIL_DELIVERY=MISSING;LIVE_PSTN_DIALING=MISSING;PRODUCTION_DIALING=MISSING,python -m app.entrypoints.scraper_odoo_delivery_worker
codestra-middleware-staging-social-dead-letter-worker-staging-1,Codestra release workload,middleware,https://github.com/Codestra-SRL/codestra-middleware,UNESTABLISHED,c720e529ea89f1f0d5d035d4ac12a1d5aa30ab62,codestra/middleware:social-staging-12cd5fc,sha256:8e4a1afa8ca70a6c9136530074f6f8f1257e9f9a895f705fa50acb6f64b18fe6,sha256:8e4a1afa8ca70a6c9136530074f6f8f1257e9f9a895f705fa50acb6f64b18fe6,staging,social-dead-letter-worker-staging,/opt/codestra/middleware-staging/compose.yaml,/etc/codestra/secrets/middleware-staging/redis-auth/redis_url,sha256:8e4a1afa8ca70a6c9136530074f6f8f1257e9f9a895f705fa50acb6f64b18fe6,true,FAIL,LIVE_ADVERTISING_ENABLED=MISSING;EXTERNAL_DELIVERY_ENABLED=false;SOCIAL_PUBLISHING_ENABLED=MISSING;EXTERNAL_MODEL_CALLS_ENABLED=MISSING;LIVE_SMS_DELIVERY=MISSING;LIVE_EMAIL_DELIVERY=MISSING;LIVE_PSTN_DIALING=MISSING;PRODUCTION_DIALING=MISSING,python -m app.entrypoints.social_dead_letter_worker
codestra-middleware-staging-social-delivery-worker-staging-1,Codestra release workload,middleware,https://github.com/Codestra-SRL/codestra-middleware,UNESTABLISHED,c720e529ea89f1f0d5d035d4ac12a1d5aa30ab62,codestra/middleware:social-staging-12cd5fc,sha256:8e4a1afa8ca70a6c9136530074f6f8f1257e9f9a895f705fa50acb6f64b18fe6,sha256:8e4a1afa8ca70a6c9136530074f6f8f1257e9f9a895f705fa50acb6f64b18fe6,staging,social-delivery-worker-staging,/opt/codestra/middleware-staging/compose.yaml,/etc/codestra/secrets/middleware-staging/redis-auth/redis_url,sha256:8e4a1afa8ca70a6c9136530074f6f8f1257e9f9a895f705fa50acb6f64b18fe6,true,FAIL,LIVE_ADVERTISING_ENABLED=MISSING;EXTERNAL_DELIVERY_ENABLED=false;SOCIAL_PUBLISHING_ENABLED=MISSING;EXTERNAL_MODEL_CALLS_ENABLED=MISSING;LIVE_SMS_DELIVERY=MISSING;LIVE_EMAIL_DELIVERY=MISSING;LIVE_PSTN_DIALING=MISSING;PRODUCTION_DIALING=MISSING,python -m app.entrypoints.social_delivery_worker
codestra-middleware-staging-social-reconciliation-worker-staging-1,Codestra release workload,middleware,https://github.com/Codestra-SRL/codestra-middleware,UNESTABLISHED,c720e529ea89f1f0d5d035d4ac12a1d5aa30ab62,codestra/middleware:social-staging-12cd5fc,sha256:8e4a1afa8ca70a6c9136530074f6f8f1257e9f9a895f705fa50acb6f64b18fe6,sha256:8e4a1afa8ca70a6c9136530074f6f8f1257e9f9a895f705fa50acb6f64b18fe6,staging,social-reconciliation-worker-staging,/opt/codestra/middleware-staging/compose.yaml,/etc/codestra/secrets/middleware-staging/redis-auth/redis_url,sha256:8e4a1afa8ca70a6c9136530074f6f8f1257e9f9a895f705fa50acb6f64b18fe6,true,FAIL,LIVE_ADVERTISING_ENABLED=MISSING;EXTERNAL_DELIVERY_ENABLED=false;SOCIAL_PUBLISHING_ENABLED=MISSING;EXTERNAL_MODEL_CALLS_ENABLED=MISSING;LIVE_SMS_DELIVERY=MISSING;LIVE_EMAIL_DELIVERY=MISSING;LIVE_PSTN_DIALING=MISSING;PRODUCTION_DIALING=MISSING,python -m app.entrypoints.social_reconciliation_worker
codestra-middleware-sync-worker-1,legacy workload,unmapped,https://github.com/Codestra-SRL/codestra-middleware,b3ca9aa458fef843e3065aeff3397c656349f138,NOT_IN_SOURCE_LOCK,codestra/middleware@sha256:1a9e13a0c930d36076b5742e17f948dc85d9bc6ace90e58052756c8b1ad42700,sha256:1a9e13a0c930d36076b5742e17f948dc85d9bc6ace90e58052756c8b1ad42700,sha256:1a9e13a0c930d36076b5742e17f948dc85d9bc6ace90e58052756c8b1ad42700,UNESTABLISHED,middleware-sync-worker,"/opt/codestra/compose/compose.yaml,/opt/codestra/compose/compose.middleware-runtime.yaml,/opt/codestra/compose/compose.phase-n2-activation.yaml,/opt/codestra/compose/compose.final-production-trust.yaml,/opt/codestra/compose/compose.live-delivery-safety.yaml",/etc/codestra/secrets/codestra-compose/middleware_secret;/etc/codestra/secrets/codestra-compose/redis_url;/etc/codestra/secrets/codestra-compose/webhook_shared_secret;/etc/codestra/secrets/middleware-runtime/middleware-sync-worker-database-url,codestra/middleware@sha256:1a9e13a0c930d36076b5742e17f948dc85d9bc6ace90e58052756c8b1ad42700,true,FAIL,LIVE_ADVERTISING_ENABLED=MISSING;EXTERNAL_DELIVERY_ENABLED=false;SOCIAL_PUBLISHING_ENABLED=MISSING;EXTERNAL_MODEL_CALLS_ENABLED=MISSING;LIVE_SMS_DELIVERY=false;LIVE_EMAIL_DELIVERY=false;LIVE_PSTN_DIALING=false;PRODUCTION_DIALING=MISSING,/usr/local/bin/live-delivery-admission python -m app.entrypoints.sync_worker
codestra-middleware-telephony-provisioning-1,legacy workload,unmapped,https://github.com/Codestra-SRL/codestra-middleware,b3ca9aa458fef843e3065aeff3397c656349f138,NOT_IN_SOURCE_LOCK,codestra/middleware@sha256:1a9e13a0c930d36076b5742e17f948dc85d9bc6ace90e58052756c8b1ad42700,sha256:1a9e13a0c930d36076b5742e17f948dc85d9bc6ace90e58052756c8b1ad42700,sha256:1a9e13a0c930d36076b5742e17f948dc85d9bc6ace90e58052756c8b1ad42700,UNESTABLISHED,middleware-telephony-provisioning,"/opt/codestra/compose/compose.yaml,/opt/codestra/compose/compose.middleware-runtime.yaml,/opt/codestra/compose/compose.phase-n2-activation.yaml,/opt/codestra/compose/compose.final-production-trust.yaml,/opt/codestra/compose/compose.live-delivery-safety.yaml",/etc/codestra/secrets/codestra-compose/middleware_secret;/etc/codestra/secrets/codestra-compose/redis_url;/etc/codestra/secrets/codestra-compose/webhook_shared_secret;/etc/codestra/secrets/middleware-runtime/middleware-telephony-provisioning-database-url;/etc/codestra/secrets/vicidial-mtls,codestra/middleware@sha256:1a9e13a0c930d36076b5742e17f948dc85d9bc6ace90e58052756c8b1ad42700,true,FAIL,LIVE_ADVERTISING_ENABLED=MISSING;EXTERNAL_DELIVERY_ENABLED=false;SOCIAL_PUBLISHING_ENABLED=MISSING;EXTERNAL_MODEL_CALLS_ENABLED=MISSING;LIVE_SMS_DELIVERY=false;LIVE_EMAIL_DELIVERY=false;LIVE_PSTN_DIALING=false;PRODUCTION_DIALING=false,/usr/local/bin/live-delivery-admission python -m app.entrypoints.telephony_provisioning
codestra-middleware-vicidial-adapter-1,legacy workload,unmapped,https://github.com/Codestra-SRL/codestra-middleware,b3ca9aa458fef843e3065aeff3397c656349f138,NOT_IN_SOURCE_LOCK,codestra/middleware@sha256:1a9e13a0c930d36076b5742e17f948dc85d9bc6ace90e58052756c8b1ad42700,sha256:1a9e13a0c930d36076b5742e17f948dc85d9bc6ace90e58052756c8b1ad42700,sha256:1a9e13a0c930d36076b5742e17f948dc85d9bc6ace90e58052756c8b1ad42700,UNESTABLISHED,middleware-vicidial-adapter,"/opt/codestra/compose/compose.yaml,/opt/codestra/compose/compose.middleware-runtime.yaml,/opt/codestra/compose/compose.phase-n2-activation.yaml,/opt/codestra/compose/compose.final-production-trust.yaml,/opt/codestra/compose/compose.live-delivery-safety.yaml",/etc/codestra/secrets/codestra-compose/middleware_secret;/etc/codestra/secrets/codestra-compose/redis_url;/etc/codestra/secrets/codestra-compose/webhook_shared_secret;/etc/codestra/secrets/middleware-runtime/middleware-vicidial-adapter-database-url;/etc/codestra/secrets/vicidial-mtls,codestra/middleware@sha256:1a9e13a0c930d36076b5742e17f948dc85d9bc6ace90e58052756c8b1ad42700,true,FAIL,LIVE_ADVERTISING_ENABLED=MISSING;EXTERNAL_DELIVERY_ENABLED=false;SOCIAL_PUBLISHING_ENABLED=MISSING;EXTERNAL_MODEL_CALLS_ENABLED=MISSING;LIVE_SMS_DELIVERY=false;LIVE_EMAIL_DELIVERY=false;LIVE_PSTN_DIALING=false;PRODUCTION_DIALING=false,/usr/local/bin/live-delivery-admission python -m app.entrypoints.vicidial_adapter
codestra-middleware-webphone-session-issuer-1,legacy workload,unmapped,https://github.com/Codestra-SRL/codestra-middleware,80954a1ecb4eae49a57a9de245f78fd9a2f825a1,NOT_IN_SOURCE_LOCK,ghcr.io/codestra-srl/codestra-middleware@sha256:48dbb4201b4cf8abee1600936a84da52a92969ab124fb44a0007059e75d57e85,sha256:48dbb4201b4cf8abee1600936a84da52a92969ab124fb44a0007059e75d57e85,sha256:48dbb4201b4cf8abee1600936a84da52a92969ab124fb44a0007059e75d57e85,UNESTABLISHED,middleware-webphone-session-issuer,"/opt/codestra/compose/compose.yaml,/opt/codestra/compose/compose.middleware-runtime.yaml,/opt/codestra/compose/compose.phase-n2-activation.yaml,/opt/codestra/compose/compose.final-production-trust.yaml,/opt/codestra/compose/compose.live-delivery-safety.yaml,/opt/codestra/compose/compose.webrtc-6101-controlled.yaml,/opt/codestra/compose/compose.m07-exact-digest.yaml",/etc/codestra/secrets/codestra-compose/middleware_secret;/etc/codestra/secrets/codestra-compose/odoo_identity_hmac;/etc/codestra/secrets/codestra-compose/provisioning/ca-bundle.crt;/etc/codestra/secrets/codestra-compose/provisioning/client_secret;/etc/codestra/secrets/codestra-compose/redis_url;/etc/codestra/secrets/codestra-compose/webhook_shared_secret;/etc/codestra/secrets/middleware-runtime/middleware-webphone-session-issuer-database-url,ghcr.io/codestra-srl/codestra-middleware@sha256:48dbb4201b4cf8abee1600936a84da52a92969ab124fb44a0007059e75d57e85,true,FAIL,LIVE_ADVERTISING_ENABLED=MISSING;EXTERNAL_DELIVERY_ENABLED=false;SOCIAL_PUBLISHING_ENABLED=MISSING;EXTERNAL_MODEL_CALLS_ENABLED=MISSING;LIVE_SMS_DELIVERY=false;LIVE_EMAIL_DELIVERY=false;LIVE_PSTN_DIALING=false;PRODUCTION_DIALING=false,/usr/local/bin/live-delivery-admission python -m app.entrypoints.webphone_session_issuer
codestra-monitoring-alertmanager-1,observability/security workload,unmapped,https://github.com/prometheus/alertmanager,UNESTABLISHED,NOT_IN_SOURCE_LOCK,prom/alertmanager@sha256:9e082985f56f4c8c9f724e18f2288c6708f472e56a5286b8863d080434ea065d,sha256:9e082985f56f4c8c9f724e18f2288c6708f472e56a5286b8863d080434ea065d,sha256:9e082985f56f4c8c9f724e18f2288c6708f472e56a5286b8863d080434ea065d,UNESTABLISHED,alertmanager,/opt/codestra/operations/monitoring/compose.monitoring.yaml,/etc/codestra/secrets/monitoring/primary_receiver_url;/etc/codestra/secrets/monitoring/receiver_bearer;/etc/codestra/secrets/monitoring/recovery_receiver_url;/etc/codestra/secrets/monitoring/rejected_route_url;/etc/codestra/secrets/monitoring/secondary_receiver_url;/etc/codestra/secrets/monitoring/social_staging_test_receiver_url,prom/alertmanager@sha256:9e082985f56f4c8c9f724e18f2288c6708f472e56a5286b8863d080434ea065d,true,FAIL,LIVE_ADVERTISING_ENABLED=MISSING;EXTERNAL_DELIVERY_ENABLED=MISSING;SOCIAL_PUBLISHING_ENABLED=MISSING;EXTERNAL_MODEL_CALLS_ENABLED=MISSING;LIVE_SMS_DELIVERY=MISSING;LIVE_EMAIL_DELIVERY=MISSING;LIVE_PSTN_DIALING=MISSING;PRODUCTION_DIALING=MISSING,/bin/alertmanager --config.file=/etc/alertmanager/alertmanager.yml --storage.path=/alertmanager
codestra-monitoring-blackbox-1,observability/security workload,unmapped,UNESTABLISHED,UNESTABLISHED,NOT_IN_SOURCE_LOCK,prom/blackbox-exporter@sha256:e753ff9f3fc458d02cca5eddab5a77e1c175eee484a8925ac7d524f04366c2fc,sha256:e753ff9f3fc458d02cca5eddab5a77e1c175eee484a8925ac7d524f04366c2fc,sha256:e753ff9f3fc458d02cca5eddab5a77e1c175eee484a8925ac7d524f04366c2fc,UNESTABLISHED,blackbox,/opt/codestra/operations/monitoring/compose.monitoring.yaml,NO_SECRET_MOUNT_OBSERVED,prom/blackbox-exporter@sha256:e753ff9f3fc458d02cca5eddab5a77e1c175eee484a8925ac7d524f04366c2fc,true,FAIL,LIVE_ADVERTISING_ENABLED=MISSING;EXTERNAL_DELIVERY_ENABLED=MISSING;SOCIAL_PUBLISHING_ENABLED=MISSING;EXTERNAL_MODEL_CALLS_ENABLED=MISSING;LIVE_SMS_DELIVERY=MISSING;LIVE_EMAIL_DELIVERY=MISSING;LIVE_PSTN_DIALING=MISSING;PRODUCTION_DIALING=MISSING,/bin/blackbox_exporter --config.file=/etc/blackbox/blackbox.yml
codestra-monitoring-cadvisor-1,observability/security workload,unmapped,UNESTABLISHED,UNESTABLISHED,NOT_IN_SOURCE_LOCK,gcr.io/cadvisor/cadvisor@sha256:3de2bd5203120b866d74a9b283b2ffb8ec382fbf9dc321814700c6ea6f44ec57,sha256:3de2bd5203120b866d74a9b283b2ffb8ec382fbf9dc321814700c6ea6f44ec57,sha256:3de2bd5203120b866d74a9b283b2ffb8ec382fbf9dc321814700c6ea6f44ec57,UNESTABLISHED,cadvisor,/opt/codestra/operations/monitoring/compose.monitoring.yaml,NO_SECRET_MOUNT_OBSERVED,gcr.io/cadvisor/cadvisor@sha256:3de2bd5203120b866d74a9b283b2ffb8ec382fbf9dc321814700c6ea6f44ec57,true,FAIL,LIVE_ADVERTISING_ENABLED=MISSING;EXTERNAL_DELIVERY_ENABLED=MISSING;SOCIAL_PUBLISHING_ENABLED=MISSING;EXTERNAL_MODEL_CALLS_ENABLED=MISSING;LIVE_SMS_DELIVERY=MISSING;LIVE_EMAIL_DELIVERY=MISSING;LIVE_PSTN_DIALING=MISSING;PRODUCTION_DIALING=MISSING,/usr/bin/cadvisor -logtostderr
codestra-monitoring-node-exporter-1,observability/security workload,unmapped,https://github.com/prometheus/node_exporter,UNESTABLISHED,NOT_IN_SOURCE_LOCK,prom/node-exporter@sha256:1b4e4438faca4dd7e001dd445d161a4a2091b0fededa84093b3a8dfeae1f1be0,sha256:1b4e4438faca4dd7e001dd445d161a4a2091b0fededa84093b3a8dfeae1f1be0,sha256:1b4e4438faca4dd7e001dd445d161a4a2091b0fededa84093b3a8dfeae1f1be0,UNESTABLISHED,node-exporter,/opt/codestra/operations/monitoring/compose.monitoring.yaml,NO_SECRET_MOUNT_OBSERVED,prom/node-exporter@sha256:1b4e4438faca4dd7e001dd445d161a4a2091b0fededa84093b3a8dfeae1f1be0,true,FAIL,LIVE_ADVERTISING_ENABLED=MISSING;EXTERNAL_DELIVERY_ENABLED=MISSING;SOCIAL_PUBLISHING_ENABLED=MISSING;EXTERNAL_MODEL_CALLS_ENABLED=MISSING;LIVE_SMS_DELIVERY=MISSING;LIVE_EMAIL_DELIVERY=MISSING;LIVE_PSTN_DIALING=MISSING;PRODUCTION_DIALING=MISSING,/bin/node_exporter --path.rootfs=/host --collector.systemd --collector.processes --collector.textfile.directory=/host/var/lib/node_exporter/textfile_collector
codestra-monitoring-prometheus-1,observability/security workload,unmapped,https://github.com/prometheus/prometheus,UNESTABLISHED,NOT_IN_SOURCE_LOCK,prom/prometheus@sha256:3c42b892cf723fa54d2f262c37a0e1f80aa8c8ddb1da7b9b0df9455a35a7f893,sha256:3c42b892cf723fa54d2f262c37a0e1f80aa8c8ddb1da7b9b0df9455a35a7f893,sha256:3c42b892cf723fa54d2f262c37a0e1f80aa8c8ddb1da7b9b0df9455a35a7f893,UNESTABLISHED,prometheus,/opt/codestra/operations/monitoring/compose.monitoring.yaml,NO_SECRET_MOUNT_OBSERVED,prom/prometheus@sha256:3c42b892cf723fa54d2f262c37a0e1f80aa8c8ddb1da7b9b0df9455a35a7f893,true,FAIL,LIVE_ADVERTISING_ENABLED=MISSING;EXTERNAL_DELIVERY_ENABLED=MISSING;SOCIAL_PUBLISHING_ENABLED=MISSING;EXTERNAL_MODEL_CALLS_ENABLED=MISSING;LIVE_SMS_DELIVERY=MISSING;LIVE_EMAIL_DELIVERY=MISSING;LIVE_PSTN_DIALING=MISSING;PRODUCTION_DIALING=MISSING,/bin/prometheus --config.file=/etc/prometheus/prometheus.yml --storage.tsdb.path=/prometheus --storage.tsdb.retention.time=30d --web.enable-lifecycle
codestra-monitoring-receiver-receiver-1,observability/security workload,unmapped,UNESTABLISHED,UNESTABLISHED,NOT_IN_SOURCE_LOCK,codestra-monitoring-receiver-receiver,sha256:260fef5b0c1d8eafa29b661612511bdc3b869851b8a36d41a6cdfb5498f23ab4,sha256:260fef5b0c1d8eafa29b661612511bdc3b869851b8a36d41a6cdfb5498f23ab4,UNESTABLISHED,receiver,/opt/codestra/operations/monitoring-receiver/compose.yaml,/etc/codestra/secrets/monitoring/receiver_bearer;/etc/codestra/secrets/monitoring/receiver_hmac,sha256:260fef5b0c1d8eafa29b661612511bdc3b869851b8a36d41a6cdfb5498f23ab4,true,FAIL,LIVE_ADVERTISING_ENABLED=MISSING;EXTERNAL_DELIVERY_ENABLED=MISSING;SOCIAL_PUBLISHING_ENABLED=MISSING;EXTERNAL_MODEL_CALLS_ENABLED=MISSING;LIVE_SMS_DELIVERY=MISSING;LIVE_EMAIL_DELIVERY=MISSING;LIVE_PSTN_DIALING=MISSING;PRODUCTION_DIALING=MISSING,uvicorn app:app --host 0.0.0.0 --port 8080 --no-access-log
codestra-monitoring-redis-exporter-1,observability/security workload,unmapped,https://github.com/oliver006/redis_exporter,9edec39c3a9a88148eebafb835629d07e0a647b8,NOT_IN_SOURCE_LOCK,docker.io/oliver006/redis_exporter@sha256:178f95efe97b733ab10e8721c54bee838c125e1e666734dc27a956886fff7a8a,sha256:178f95efe97b733ab10e8721c54bee838c125e1e666734dc27a956886fff7a8a,sha256:178f95efe97b733ab10e8721c54bee838c125e1e666734dc27a956886fff7a8a,UNESTABLISHED,redis-exporter,/opt/codestra/operations/monitoring/compose.monitoring.yaml,/etc/codestra/secrets/monitoring-runtime/redis_exporter_password,docker.io/oliver006/redis_exporter@sha256:178f95efe97b733ab10e8721c54bee838c125e1e666734dc27a956886fff7a8a,false,NOT_APPLICABLE_INFRASTRUCTURE,LIVE_ADVERTISING_ENABLED=MISSING;EXTERNAL_DELIVERY_ENABLED=MISSING;SOCIAL_PUBLISHING_ENABLED=MISSING;EXTERNAL_MODEL_CALLS_ENABLED=MISSING;LIVE_SMS_DELIVERY=MISSING;LIVE_EMAIL_DELIVERY=MISSING;LIVE_PSTN_DIALING=MISSING;PRODUCTION_DIALING=MISSING,/redis_exporter
codestra-mw-cert-candidate,legacy workload,unmapped,https://github.com/Codestra-SRL/codestra-middleware,f199b6c40f4e467979e9a8b255a0e686321a182d,NOT_IN_SOURCE_LOCK,ghcr.io/codestra-srl/codestra-middleware@sha256:ec2cf4ca73ff072fbdd48bda108a60f103526cb3e97a721abdf38435b010908b,sha256:ec2cf4ca73ff072fbdd48bda108a60f103526cb3e97a721abdf38435b010908b,sha256:ec2cf4ca73ff072fbdd48bda108a60f103526cb3e97a721abdf38435b010908b,rehearsal,UNESTABLISHED,UNESTABLISHED,/etc/codestra/secrets/codestra-compose/middleware_secret;/etc/codestra/secrets/middleware-runtime/quarantine-encryption-key;/etc/codestra/secrets/middleware-runtime/quarantine-fingerprint-key;/etc/codestra/secrets/middleware-runtime/quarantine-reviewer-key,ghcr.io/codestra-srl/codestra-middleware@sha256:ec2cf4ca73ff072fbdd48bda108a60f103526cb3e97a721abdf38435b010908b,true,FAIL,LIVE_ADVERTISING_ENABLED=MISSING;EXTERNAL_DELIVERY_ENABLED=MISSING;SOCIAL_PUBLISHING_ENABLED=MISSING;EXTERNAL_MODEL_CALLS_ENABLED=MISSING;LIVE_SMS_DELIVERY=MISSING;LIVE_EMAIL_DELIVERY=MISSING;LIVE_PSTN_DIALING=MISSING;PRODUCTION_DIALING=MISSING,/opt/venv/bin/python -m app.entrypoints.integration_api
codestra-mw-cert-pg17,legacy workload,unmapped,UNESTABLISHED,UNESTABLISHED,NOT_IN_SOURCE_LOCK,postgres@sha256:ef257d85f76e48da1c64832459b59fcaba1a4dac97bf5d7450c77753542eee94,sha256:ef257d85f76e48da1c64832459b59fcaba1a4dac97bf5d7450c77753542eee94,sha256:ef257d85f76e48da1c64832459b59fcaba1a4dac97bf5d7450c77753542eee94,UNESTABLISHED,UNESTABLISHED,UNESTABLISHED,NO_SECRET_MOUNT_OBSERVED,postgres@sha256:ef257d85f76e48da1c64832459b59fcaba1a4dac97bf5d7450c77753542eee94,true,FAIL,LIVE_ADVERTISING_ENABLED=MISSING;EXTERNAL_DELIVERY_ENABLED=MISSING;SOCIAL_PUBLISHING_ENABLED=MISSING;EXTERNAL_MODEL_CALLS_ENABLED=MISSING;LIVE_SMS_DELIVERY=MISSING;LIVE_EMAIL_DELIVERY=MISSING;LIVE_PSTN_DIALING=MISSING;PRODUCTION_DIALING=MISSING,docker-entrypoint.sh postgres
codestra-n8n-1,legacy workload,unmapped,https://github.com/n8n-io/n8n,UNESTABLISHED,NOT_IN_SOURCE_LOCK,n8nio/n8n@sha256:11524034450080bd0032754892b23ff20be43d72cf320ce75640f7c5475fdca8,sha256:11524034450080bd0032754892b23ff20be43d72cf320ce75640f7c5475fdca8,sha256:11524034450080bd0032754892b23ff20be43d72cf320ce75640f7c5475fdca8,production,n8n,"/opt/codestra/compose/compose.yaml,/opt/codestra/compose/compose.final-production-trust.yaml,/opt/codestra/compose/compose.n8n-db-host-remediation.yaml,/opt/codestra/compose/compose.odoo-n8n-hardening.yaml",/etc/codestra/secrets/codestra-compose/n8n_db_password;/etc/codestra/secrets/codestra-compose/n8n_encryption_key,n8nio/n8n@sha256:11524034450080bd0032754892b23ff20be43d72cf320ce75640f7c5475fdca8,true,FAIL,LIVE_ADVERTISING_ENABLED=MISSING;EXTERNAL_DELIVERY_ENABLED=false;SOCIAL_PUBLISHING_ENABLED=MISSING;EXTERNAL_MODEL_CALLS_ENABLED=MISSING;LIVE_SMS_DELIVERY=false;LIVE_EMAIL_DELIVERY=false;LIVE_PSTN_DIALING=false;PRODUCTION_DIALING=MISSING,"/usr/local/bin/live-delivery-admission /bin/sh -c export DB_POSTGRESDB_PASSWORD=""$(cat /run/secrets/n8n_db_password)""; export N8N_ENCRYPTION_KEY=""$(cat /run/secrets/n8n_encryption_key)""; exec n8n start"
codestra-n8n-internal-proxy,observability/security workload,unmapped,https://github.com/caddyserver/caddy-docker,UNESTABLISHED,NOT_IN_SOURCE_LOCK,codestra/caddy:2.11.4-hardened-20260723,sha256:269c6bd9b2713a27f8dc34a19a904bb0ba9d8f0f1564913576becd24779674d5,sha256:269c6bd9b2713a27f8dc34a19a904bb0ba9d8f0f1564913576becd24779674d5,UNESTABLISHED,n8n-internal-proxy,/opt/codestra/middleware/deploy/internal-n8n-private/compose.internal-n8n.yaml,NO_SECRET_MOUNT_OBSERVED,sha256:269c6bd9b2713a27f8dc34a19a904bb0ba9d8f0f1564913576becd24779674d5,true,FAIL,LIVE_ADVERTISING_ENABLED=MISSING;EXTERNAL_DELIVERY_ENABLED=MISSING;SOCIAL_PUBLISHING_ENABLED=MISSING;EXTERNAL_MODEL_CALLS_ENABLED=MISSING;LIVE_SMS_DELIVERY=MISSING;LIVE_EMAIL_DELIVERY=MISSING;LIVE_PSTN_DIALING=MISSING;PRODUCTION_DIALING=MISSING,caddy run --config /etc/caddy/Caddyfile --adapter caddyfile
codestra-n8n-staging-n8n-1,Codestra release workload,n8n,https://github.com/n8n-io/n8n,UNESTABLISHED,4d35472772f60c5af616ffac1f902d626643d02d,n8nio/n8n@sha256:cfe2704ff858395503d42548206c2c99ea351a205e941063a9d9b77b0f404478,sha256:cfe2704ff858395503d42548206c2c99ea351a205e941063a9d9b77b0f404478,sha256:cfe2704ff858395503d42548206c2c99ea351a205e941063a9d9b77b0f404478,production,n8n,"/opt/codestra/n8n-staging/compose.yaml,/opt/codestra/n8n-staging/compose.queue.override.yaml",/etc/codestra/secrets/n8n-staging/files/n8n_db_password;/etc/codestra/secrets/n8n-staging/files/n8n_encryption_key;/etc/codestra/secrets/n8n-staging/files/n8n_jwt_secret;/etc/codestra/secrets/n8n-staging/redis-auth/password;/etc/codestra/secrets/n8n-staging/redis-auth/username;/opt/codestra/n8n-staging/scripts/redis-secret-entrypoint.sh,n8nio/n8n@sha256:cfe2704ff858395503d42548206c2c99ea351a205e941063a9d9b77b0f404478,true,FAIL,LIVE_ADVERTISING_ENABLED=MISSING;EXTERNAL_DELIVERY_ENABLED=false;SOCIAL_PUBLISHING_ENABLED=MISSING;EXTERNAL_MODEL_CALLS_ENABLED=MISSING;LIVE_SMS_DELIVERY=MISSING;LIVE_EMAIL_DELIVERY=MISSING;LIVE_PSTN_DIALING=MISSING;PRODUCTION_DIALING=MISSING,/usr/local/bin/redis-secret-entrypoint.sh
codestra-n8n-staging-postgres-1,Codestra release workload,n8n,appolon1908-hue/N8N,UNESTABLISHED,4d35472772f60c5af616ffac1f902d626643d02d,postgres@sha256:ef257d85f76e48da1c64832459b59fcaba1a4dac97bf5d7450c77753542eee94,sha256:ef257d85f76e48da1c64832459b59fcaba1a4dac97bf5d7450c77753542eee94,sha256:ef257d85f76e48da1c64832459b59fcaba1a4dac97bf5d7450c77753542eee94,STAGING,postgres,/opt/codestra/n8n-staging/compose.yaml,/etc/codestra/secrets/n8n-staging/files/n8n_db_password,postgres@sha256:ef257d85f76e48da1c64832459b59fcaba1a4dac97bf5d7450c77753542eee94,false,NOT_APPLICABLE_INFRASTRUCTURE,LIVE_ADVERTISING_ENABLED=MISSING;EXTERNAL_DELIVERY_ENABLED=MISSING;SOCIAL_PUBLISHING_ENABLED=MISSING;EXTERNAL_MODEL_CALLS_ENABLED=MISSING;LIVE_SMS_DELIVERY=MISSING;LIVE_EMAIL_DELIVERY=MISSING;LIVE_PSTN_DIALING=MISSING;PRODUCTION_DIALING=MISSING,docker-entrypoint.sh postgres
codestra-n8n-staging-redis-1,Codestra release workload,n8n,appolon1908-hue/N8N,UNESTABLISHED,4d35472772f60c5af616ffac1f902d626643d02d,redis@sha256:bb186d083732f669da90be8b0f975a37812b15e913465bb14d845db72a4e3e08,sha256:bb186d083732f669da90be8b0f975a37812b15e913465bb14d845db72a4e3e08,sha256:bb186d083732f669da90be8b0f975a37812b15e913465bb14d845db72a4e3e08,STAGING,redis,"/opt/codestra/n8n-staging/compose.yaml,/opt/codestra/n8n-staging/compose.queue.override.yaml",/etc/codestra/secrets/n8n-staging/redis-auth/password;/etc/codestra/secrets/n8n-staging/redis-auth/username;/etc/codestra/secrets/n8n-staging/redis-auth/users.acl,redis@sha256:bb186d083732f669da90be8b0f975a37812b15e913465bb14d845db72a4e3e08,false,NOT_APPLICABLE_INFRASTRUCTURE,LIVE_ADVERTISING_ENABLED=MISSING;EXTERNAL_DELIVERY_ENABLED=MISSING;SOCIAL_PUBLISHING_ENABLED=MISSING;EXTERNAL_MODEL_CALLS_ENABLED=MISSING;LIVE_SMS_DELIVERY=MISSING;LIVE_EMAIL_DELIVERY=MISSING;LIVE_PSTN_DIALING=MISSING;PRODUCTION_DIALING=MISSING,docker-entrypoint.sh redis-server --appendonly yes --save 60 1 --maxmemory 192mb --maxmemory-policy noeviction --aclfile /run/secrets/redis-users.acl
codestra-n8n-staging-webhook-1,Codestra release workload,n8n,https://github.com/n8n-io/n8n,UNESTABLISHED,4d35472772f60c5af616ffac1f902d626643d02d,n8nio/n8n@sha256:cfe2704ff858395503d42548206c2c99ea351a205e941063a9d9b77b0f404478,sha256:cfe2704ff858395503d42548206c2c99ea351a205e941063a9d9b77b0f404478,sha256:cfe2704ff858395503d42548206c2c99ea351a205e941063a9d9b77b0f404478,production,webhook,"/opt/codestra/n8n-staging/compose.yaml,/opt/codestra/n8n-staging/compose.queue.override.yaml",/etc/codestra/secrets/n8n-staging/files/n8n_db_password;/etc/codestra/secrets/n8n-staging/files/n8n_encryption_key;/etc/codestra/secrets/n8n-staging/files/n8n_jwt_secret;/etc/codestra/secrets/n8n-staging/redis-auth/password;/etc/codestra/secrets/n8n-staging/redis-auth/username;/opt/codestra/n8n-staging/scripts/redis-secret-entrypoint.sh,n8nio/n8n@sha256:cfe2704ff858395503d42548206c2c99ea351a205e941063a9d9b77b0f404478,true,FAIL,LIVE_ADVERTISING_ENABLED=MISSING;EXTERNAL_DELIVERY_ENABLED=false;SOCIAL_PUBLISHING_ENABLED=MISSING;EXTERNAL_MODEL_CALLS_ENABLED=MISSING;LIVE_SMS_DELIVERY=MISSING;LIVE_EMAIL_DELIVERY=MISSING;LIVE_PSTN_DIALING=MISSING;PRODUCTION_DIALING=MISSING,/usr/local/bin/redis-secret-entrypoint.sh webhook
codestra-n8n-staging-worker-1,Codestra release workload,n8n,https://github.com/n8n-io/n8n,UNESTABLISHED,4d35472772f60c5af616ffac1f902d626643d02d,n8nio/n8n@sha256:cfe2704ff858395503d42548206c2c99ea351a205e941063a9d9b77b0f404478,sha256:cfe2704ff858395503d42548206c2c99ea351a205e941063a9d9b77b0f404478,sha256:cfe2704ff858395503d42548206c2c99ea351a205e941063a9d9b77b0f404478,production,worker,"/opt/codestra/n8n-staging/compose.yaml,/opt/codestra/n8n-staging/compose.queue.override.yaml",/etc/codestra/secrets/n8n-staging/files/n8n_db_password;/etc/codestra/secrets/n8n-staging/files/n8n_encryption_key;/etc/codestra/secrets/n8n-staging/files/n8n_jwt_secret;/etc/codestra/secrets/n8n-staging/redis-auth/password;/etc/codestra/secrets/n8n-staging/redis-auth/username;/opt/codestra/n8n-staging/scripts/redis-secret-entrypoint.sh,n8nio/n8n@sha256:cfe2704ff858395503d42548206c2c99ea351a205e941063a9d9b77b0f404478,true,FAIL,LIVE_ADVERTISING_ENABLED=MISSING;EXTERNAL_DELIVERY_ENABLED=false;SOCIAL_PUBLISHING_ENABLED=MISSING;EXTERNAL_MODEL_CALLS_ENABLED=MISSING;LIVE_SMS_DELIVERY=MISSING;LIVE_EMAIL_DELIVERY=MISSING;LIVE_PSTN_DIALING=MISSING;PRODUCTION_DIALING=MISSING,/usr/local/bin/redis-secret-entrypoint.sh worker --concurrency=5
codestra-n8n-staging-worker-2-1,Codestra release workload,n8n,https://github.com/n8n-io/n8n,UNESTABLISHED,4d35472772f60c5af616ffac1f902d626643d02d,n8nio/n8n@sha256:cfe2704ff858395503d42548206c2c99ea351a205e941063a9d9b77b0f404478,sha256:cfe2704ff858395503d42548206c2c99ea351a205e941063a9d9b77b0f404478,sha256:cfe2704ff858395503d42548206c2c99ea351a205e941063a9d9b77b0f404478,production,worker-2,"/opt/codestra/n8n-staging/compose.yaml,/opt/codestra/n8n-staging/compose.queue.override.yaml",/etc/codestra/secrets/n8n-staging/files/n8n_db_password;/etc/codestra/secrets/n8n-staging/files/n8n_encryption_key;/etc/codestra/secrets/n8n-staging/files/n8n_jwt_secret;/etc/codestra/secrets/n8n-staging/redis-auth/password;/etc/codestra/secrets/n8n-staging/redis-auth/username;/opt/codestra/n8n-staging/scripts/redis-secret-entrypoint.sh,n8nio/n8n@sha256:cfe2704ff858395503d42548206c2c99ea351a205e941063a9d9b77b0f404478,true,FAIL,LIVE_ADVERTISING_ENABLED=MISSING;EXTERNAL_DELIVERY_ENABLED=false;SOCIAL_PUBLISHING_ENABLED=MISSING;EXTERNAL_MODEL_CALLS_ENABLED=MISSING;LIVE_SMS_DELIVERY=MISSING;LIVE_EMAIL_DELIVERY=MISSING;LIVE_PSTN_DIALING=MISSING;PRODUCTION_DIALING=MISSING,/usr/local/bin/redis-secret-entrypoint.sh worker --concurrency=5
codestra-odoo-1,legacy workload,unmapped,UNESTABLISHED,UNESTABLISHED,NOT_IN_SOURCE_LOCK,odoo@sha256:f54272f31d5f77e4146b887efb3761c98480317daf687e4b4b5e76ed8bcc08c5,sha256:f54272f31d5f77e4146b887efb3761c98480317daf687e4b4b5e76ed8bcc08c5,sha256:f54272f31d5f77e4146b887efb3761c98480317daf687e4b4b5e76ed8bcc08c5,UNESTABLISHED,odoo,"/opt/codestra/compose/compose.yaml,/opt/codestra/compose/compose.middleware-runtime.yaml,/opt/codestra/compose/compose.phase-n2-activation.yaml,/opt/codestra/compose/compose.final-production-trust.yaml,/opt/codestra/compose/compose.scraper-ingress-disabled.yaml,/opt/codestra/compose/compose.health-contract-remediation.yaml,/opt/codestra/compose/compose.live-delivery-safety.yaml,/home/codestra-admin/releases/callback-production-ded863c289c4.override.yaml,/home/codestra-admin/releases/campaign-crm-middleware-d30babd.override.yaml,/home/codestra-admin/releases/contact-center-91e22ef4.override.yaml",/etc/codestra/secrets/codestra-compose/odoo_db_password;/etc/codestra/secrets/odoo-callback/client_secret;/opt/codestra/scripts/odoo-secret-entrypoint.sh,odoo@sha256:f54272f31d5f77e4146b887efb3761c98480317daf687e4b4b5e76ed8bcc08c5,true,FAIL,LIVE_ADVERTISING_ENABLED=MISSING;EXTERNAL_DELIVERY_ENABLED=MISSING;SOCIAL_PUBLISHING_ENABLED=MISSING;EXTERNAL_MODEL_CALLS_ENABLED=MISSING;LIVE_SMS_DELIVERY=MISSING;LIVE_EMAIL_DELIVERY=MISSING;LIVE_PSTN_DIALING=MISSING;PRODUCTION_DIALING=MISSING,"/usr/local/bin/odoo-secret-entrypoint.sh odoo --addons-path=/usr/lib/python3/dist-packages/odoo/addons,/mnt/integration-addons,/mnt/call-center-addons,/mnt/breero-addons --workers=4 --max-cron-threads=1 --gevent-port=8072"
codestra-odoo-internal-proxy,observability/security workload,unmapped,https://github.com/caddyserver/caddy-docker,UNESTABLISHED,NOT_IN_SOURCE_LOCK,codestra/caddy:2.11.4-hardened-20260723,sha256:269c6bd9b2713a27f8dc34a19a904bb0ba9d8f0f1564913576becd24779674d5,sha256:269c6bd9b2713a27f8dc34a19a904bb0ba9d8f0f1564913576becd24779674d5,UNESTABLISHED,odoo-internal-proxy,/opt/codestra/middleware/deploy/internal-odoo/compose.internal-odoo.yaml,NO_SECRET_MOUNT_OBSERVED,sha256:269c6bd9b2713a27f8dc34a19a904bb0ba9d8f0f1564913576becd24779674d5,true,FAIL,LIVE_ADVERTISING_ENABLED=MISSING;EXTERNAL_DELIVERY_ENABLED=MISSING;SOCIAL_PUBLISHING_ENABLED=MISSING;EXTERNAL_MODEL_CALLS_ENABLED=MISSING;LIVE_SMS_DELIVERY=MISSING;LIVE_EMAIL_DELIVERY=MISSING;LIVE_PSTN_DIALING=MISSING;PRODUCTION_DIALING=MISSING,caddy run --config /etc/caddy/Caddyfile --adapter caddyfile
codestra-odoo-staging-odoo-staging-1,legacy workload,unmapped,UNESTABLISHED,UNESTABLISHED,NOT_IN_SOURCE_LOCK,odoo@sha256:f54272f31d5f77e4146b887efb3761c98480317daf687e4b4b5e76ed8bcc08c5,sha256:f54272f31d5f77e4146b887efb3761c98480317daf687e4b4b5e76ed8bcc08c5,sha256:f54272f31d5f77e4146b887efb3761c98480317daf687e4b4b5e76ed8bcc08c5,UNESTABLISHED,odoo-staging,/root/odoo19-s1-staging-deployment-20260728T144838Z/compose/compose.yaml,NO_SECRET_MOUNT_OBSERVED,odoo@sha256:f54272f31d5f77e4146b887efb3761c98480317daf687e4b4b5e76ed8bcc08c5,true,FAIL,LIVE_ADVERTISING_ENABLED=MISSING;EXTERNAL_DELIVERY_ENABLED=MISSING;SOCIAL_PUBLISHING_ENABLED=MISSING;EXTERNAL_MODEL_CALLS_ENABLED=MISSING;LIVE_SMS_DELIVERY=MISSING;LIVE_EMAIL_DELIVERY=MISSING;LIVE_PSTN_DIALING=MISSING;PRODUCTION_DIALING=MISSING,/usr/local/sbin/codestra-staging-entrypoint odoo --config=/tmp/odoo-staging.conf
codestra-odoo-staging-postgres-staging-1,legacy workload,unmapped,UNESTABLISHED,UNESTABLISHED,NOT_IN_SOURCE_LOCK,postgres:17-alpine,sha256:742f40ea20b9ff2ff31db5458d127452988a2164df9e17441e191f3b72252193,sha256:742f40ea20b9ff2ff31db5458d127452988a2164df9e17441e191f3b72252193,UNESTABLISHED,postgres-staging,/root/odoo19-s1-staging-deployment-20260728T144838Z/compose/compose.yaml,NO_SECRET_MOUNT_OBSERVED,sha256:742f40ea20b9ff2ff31db5458d127452988a2164df9e17441e191f3b72252193,false,NOT_APPLICABLE_INFRASTRUCTURE,LIVE_ADVERTISING_ENABLED=MISSING;EXTERNAL_DELIVERY_ENABLED=MISSING;SOCIAL_PUBLISHING_ENABLED=MISSING;EXTERNAL_MODEL_CALLS_ENABLED=MISSING;LIVE_SMS_DELIVERY=MISSING;LIVE_EMAIL_DELIVERY=MISSING;LIVE_PSTN_DIALING=MISSING;PRODUCTION_DIALING=MISSING,docker-entrypoint.sh postgres
codestra-odoo-staging-uat-loopback-proxy-1,legacy workload,unmapped,UNESTABLISHED,UNESTABLISHED,NOT_IN_SOURCE_LOCK,python:3.12-alpine,sha256:6d43704baacd1bfbe7c295d7f13079d5d8104ed33568873133f8fc69980419df,sha256:6d43704baacd1bfbe7c295d7f13079d5d8104ed33568873133f8fc69980419df,UNESTABLISHED,uat-loopback-proxy,/root/odoo19-s1-staging-deployment-20260728T144838Z/compose/compose.yaml,NO_SECRET_MOUNT_OBSERVED,sha256:6d43704baacd1bfbe7c295d7f13079d5d8104ed33568873133f8fc69980419df,true,FAIL,LIVE_ADVERTISING_ENABLED=MISSING;EXTERNAL_DELIVERY_ENABLED=MISSING;SOCIAL_PUBLISHING_ENABLED=MISSING;EXTERNAL_MODEL_CALLS_ENABLED=MISSING;LIVE_SMS_DELIVERY=MISSING;LIVE_EMAIL_DELIVERY=MISSING;LIVE_PSTN_DIALING=MISSING;PRODUCTION_DIALING=MISSING,python3 /opt/uat-loopback-proxy.py
codestra-odoo19-identity-menu-staging-postgres-1,observability/security workload,unmapped,UNESTABLISHED,UNESTABLISHED,NOT_IN_SOURCE_LOCK,postgres@sha256:ef257d85f76e48da1c64832459b59fcaba1a4dac97bf5d7450c77753542eee94,sha256:ef257d85f76e48da1c64832459b59fcaba1a4dac97bf5d7450c77753542eee94,sha256:ef257d85f76e48da1c64832459b59fcaba1a4dac97bf5d7450c77753542eee94,IDENTITY_MENU_STAGING,postgres,/opt/codestra/odoo19-identity-menu-staging/compose.yaml,/etc/codestra/secrets/odoo19-identity-menu-staging/postgres_password,postgres@sha256:ef257d85f76e48da1c64832459b59fcaba1a4dac97bf5d7450c77753542eee94,false,NOT_APPLICABLE_INFRASTRUCTURE,LIVE_ADVERTISING_ENABLED=MISSING;EXTERNAL_DELIVERY_ENABLED=MISSING;SOCIAL_PUBLISHING_ENABLED=MISSING;EXTERNAL_MODEL_CALLS_ENABLED=MISSING;LIVE_SMS_DELIVERY=MISSING;LIVE_EMAIL_DELIVERY=MISSING;LIVE_PSTN_DIALING=MISSING;PRODUCTION_DIALING=MISSING,docker-entrypoint.sh postgres
codestra-odoo19-module-staging-callback-tls-1,legacy workload,unmapped,https://github.com/caddyserver/caddy-docker,UNESTABLISHED,NOT_IN_SOURCE_LOCK,codestra/caddy:2.11.4-hardened-20260723,sha256:269c6bd9b2713a27f8dc34a19a904bb0ba9d8f0f1564913576becd24779674d5,sha256:269c6bd9b2713a27f8dc34a19a904bb0ba9d8f0f1564913576becd24779674d5,MODULE_STAGING,callback-tls,/opt/codestra/odoo19-module-staging/compose.yaml,/etc/codestra/secrets/odoo19-module-staging,sha256:269c6bd9b2713a27f8dc34a19a904bb0ba9d8f0f1564913576becd24779674d5,true,FAIL,LIVE_ADVERTISING_ENABLED=MISSING;EXTERNAL_DELIVERY_ENABLED=MISSING;SOCIAL_PUBLISHING_ENABLED=MISSING;EXTERNAL_MODEL_CALLS_ENABLED=MISSING;LIVE_SMS_DELIVERY=MISSING;LIVE_EMAIL_DELIVERY=MISSING;LIVE_PSTN_DIALING=MISSING;PRODUCTION_DIALING=MISSING,caddy run --config /etc/caddy/Caddyfile
codestra-odoo19-module-staging-odoo-1,legacy workload,unmapped,UNESTABLISHED,UNESTABLISHED,NOT_IN_SOURCE_LOCK,odoo@sha256:f54272f31d5f77e4146b887efb3761c98480317daf687e4b4b5e76ed8bcc08c5,sha256:f54272f31d5f77e4146b887efb3761c98480317daf687e4b4b5e76ed8bcc08c5,sha256:f54272f31d5f77e4146b887efb3761c98480317daf687e4b4b5e76ed8bcc08c5,MODULE_STAGING,odoo,"/opt/codestra/odoo19-module-staging/compose.yaml,/var/tmp/crm-followup-overlay-3bf43b689da96eb1ab2444c30133a2dc43563be4.yaml",/etc/codestra/secrets/odoo19-module-staging/identity_lookup_hmac;/etc/codestra/secrets/odoo19-module-staging/odoo_callback_hmac;/etc/codestra/secrets/odoo19-module-staging/postgres_password;/etc/codestra/secrets/odoo19-module-staging/provisioning_ca.crt;/etc/codestra/secrets/odoo19-module-staging/provisioning_client_secret;/opt/codestra/scripts/odoo-secret-entrypoint.sh,odoo@sha256:f54272f31d5f77e4146b887efb3761c98480317daf687e4b4b5e76ed8bcc08c5,true,FAIL,LIVE_ADVERTISING_ENABLED=MISSING;EXTERNAL_DELIVERY_ENABLED=MISSING;SOCIAL_PUBLISHING_ENABLED=MISSING;EXTERNAL_MODEL_CALLS_ENABLED=MISSING;LIVE_SMS_DELIVERY=MISSING;LIVE_EMAIL_DELIVERY=MISSING;LIVE_PSTN_DIALING=MISSING;PRODUCTION_DIALING=MISSING,"/usr/local/bin/odoo-secret-entrypoint.sh odoo --database=odoo19_module_staging --addons-path=/usr/lib/python3/dist-packages/odoo/addons,/mnt/integration-addons,/mnt/call-center-addons,/mnt/vertical-addons,/mnt/staging-mail-inbox-addons,/mnt/crm-call-followup-addons --max-cron-threads=0 --workers=0 --http-interface=0.0.0.0 --without-demo=true"
codestra-odoo19-module-staging-postgres-1,legacy workload,unmapped,UNESTABLISHED,UNESTABLISHED,NOT_IN_SOURCE_LOCK,postgres@sha256:ef257d85f76e48da1c64832459b59fcaba1a4dac97bf5d7450c77753542eee94,sha256:ef257d85f76e48da1c64832459b59fcaba1a4dac97bf5d7450c77753542eee94,sha256:ef257d85f76e48da1c64832459b59fcaba1a4dac97bf5d7450c77753542eee94,MODULE_STAGING,postgres,/opt/codestra/odoo19-module-staging/compose.yaml,/etc/codestra/secrets/odoo19-module-staging/postgres_password,postgres@sha256:ef257d85f76e48da1c64832459b59fcaba1a4dac97bf5d7450c77753542eee94,false,NOT_APPLICABLE_INFRASTRUCTURE,LIVE_ADVERTISING_ENABLED=MISSING;EXTERNAL_DELIVERY_ENABLED=MISSING;SOCIAL_PUBLISHING_ENABLED=MISSING;EXTERNAL_MODEL_CALLS_ENABLED=MISSING;LIVE_SMS_DELIVERY=MISSING;LIVE_EMAIL_DELIVERY=MISSING;LIVE_PSTN_DIALING=MISSING;PRODUCTION_DIALING=MISSING,docker-entrypoint.sh postgres
codestra-odoo19-staging-odoo19-master-staging-1,Codestra release workload,odoo,appolon1908-hue/Odoo,UNESTABLISHED,3eeb17f8b7efcd9bd90487e5e8e9888717f51138,odoo@sha256:f54272f31d5f77e4146b887efb3761c98480317daf687e4b4b5e76ed8bcc08c5,sha256:f54272f31d5f77e4146b887efb3761c98480317daf687e4b4b5e76ed8bcc08c5,sha256:f54272f31d5f77e4146b887efb3761c98480317daf687e4b4b5e76ed8bcc08c5,STAGING,odoo19-master-staging,"/opt/codestra/odoo19-staging/compose.yaml,/opt/codestra/odoo19-staging/compose.master.override.yaml",NO_SECRET_MOUNT_OBSERVED,odoo@sha256:f54272f31d5f77e4146b887efb3761c98480317daf687e4b4b5e76ed8bcc08c5,true,FAIL,LIVE_ADVERTISING_ENABLED=MISSING;EXTERNAL_DELIVERY_ENABLED=MISSING;SOCIAL_PUBLISHING_ENABLED=MISSING;EXTERNAL_MODEL_CALLS_ENABLED=MISSING;LIVE_SMS_DELIVERY=MISSING;LIVE_EMAIL_DELIVERY=MISSING;LIVE_PSTN_DIALING=MISSING;PRODUCTION_DIALING=MISSING,"/entrypoint.sh odoo --database=codestra_master_v2_staging --addons-path=/usr/lib/python3/dist-packages/odoo/addons,/mnt/integration-addons,/mnt/call-center-addons --init=codestra_base,codestra_vicidial_crm,codestra_integration_hub,codestra_vicidial_connector,call_center_core,call_center_campaign,call_center_compliance,call_center_lead_validation,call_center_orchestration,codestra,codestra_appointments,codestra_ivr_control,codestra_ai_core,codestra_ai_qualification,codestra_ai_call_audit,codestra_ai_realtime_assistant,codestra_ai_review,codestra_transcription,codestra_analytics_reporting,codestra_daily_reporting --without-demo=true --workers=0 --max-cron-threads=0 --http-interface=0.0.0.0 --log-level=info"
codestra-odoo19-staging-odoo19-scraper-canary-1,Codestra release workload,odoo,appolon1908-hue/Odoo,UNESTABLISHED,3eeb17f8b7efcd9bd90487e5e8e9888717f51138,odoo@sha256:94a4f480b8039dc9ca2bca9e77e59f97d3311f66e2aad663cf2670be9c66d4ea,sha256:94a4f480b8039dc9ca2bca9e77e59f97d3311f66e2aad663cf2670be9c66d4ea,sha256:94a4f480b8039dc9ca2bca9e77e59f97d3311f66e2aad663cf2670be9c66d4ea,STAGING,odoo19-scraper-canary,"/opt/codestra/odoo19-staging/compose.yaml,/opt/codestra/odoo19-staging/compose.scraper-canary.yaml",NO_SECRET_MOUNT_OBSERVED,odoo@sha256:94a4f480b8039dc9ca2bca9e77e59f97d3311f66e2aad663cf2670be9c66d4ea,true,FAIL,LIVE_ADVERTISING_ENABLED=MISSING;EXTERNAL_DELIVERY_ENABLED=MISSING;SOCIAL_PUBLISHING_ENABLED=MISSING;EXTERNAL_MODEL_CALLS_ENABLED=MISSING;LIVE_SMS_DELIVERY=MISSING;LIVE_EMAIL_DELIVERY=MISSING;LIVE_PSTN_DIALING=MISSING;PRODUCTION_DIALING=MISSING,"/entrypoint.sh odoo --database=codestra_scraper_cert_clean_20260812 --db-filter=^codestra_scraper_cert_clean_20260812$ --addons-path=/usr/lib/python3/dist-packages/odoo/addons,/mnt/extra-addons,/mnt/reviewed-addons --workers=0 --max-cron-threads=0 --http-interface=0.0.0.0 --log-level=info"
codestra-odoo19-staging-odoo19-staging-1,Codestra release workload,odoo,appolon1908-hue/Odoo,UNESTABLISHED,3eeb17f8b7efcd9bd90487e5e8e9888717f51138,odoo@sha256:f54272f31d5f77e4146b887efb3761c98480317daf687e4b4b5e76ed8bcc08c5,sha256:f54272f31d5f77e4146b887efb3761c98480317daf687e4b4b5e76ed8bcc08c5,sha256:f54272f31d5f77e4146b887efb3761c98480317daf687e4b4b5e76ed8bcc08c5,STAGING,odoo19-staging,/opt/codestra/odoo19-staging/compose.yaml,NO_SECRET_MOUNT_OBSERVED,odoo@sha256:f54272f31d5f77e4146b887efb3761c98480317daf687e4b4b5e76ed8bcc08c5,true,FAIL,LIVE_ADVERTISING_ENABLED=MISSING;EXTERNAL_DELIVERY_ENABLED=MISSING;SOCIAL_PUBLISHING_ENABLED=MISSING;EXTERNAL_MODEL_CALLS_ENABLED=MISSING;LIVE_SMS_DELIVERY=MISSING;LIVE_EMAIL_DELIVERY=MISSING;LIVE_PSTN_DIALING=MISSING;PRODUCTION_DIALING=MISSING,"/entrypoint.sh odoo --database=odoo19_staging --addons-path=/usr/lib/python3/dist-packages/odoo/addons,/mnt/r1-addons,/mnt/reviewed-addons,/mnt/extra-addons --init=codestra_base,call_center_core,call_center_campaign,codestra_vicidial_crm,codestra_integration_hub,codestra_vicidial_connector --without-demo=true --workers=0 --max-cron-threads=0 --http-interface=0.0.0.0 --log-level=info"
codestra-odoo19-staging-postgres-1,Codestra release workload,odoo,appolon1908-hue/Odoo,UNESTABLISHED,3eeb17f8b7efcd9bd90487e5e8e9888717f51138,postgres@sha256:ef257d85f76e48da1c64832459b59fcaba1a4dac97bf5d7450c77753542eee94,sha256:ef257d85f76e48da1c64832459b59fcaba1a4dac97bf5d7450c77753542eee94,sha256:ef257d85f76e48da1c64832459b59fcaba1a4dac97bf5d7450c77753542eee94,STAGING,postgres,/opt/codestra/odoo19-staging/compose.yaml,NO_SECRET_MOUNT_OBSERVED,postgres@sha256:ef257d85f76e48da1c64832459b59fcaba1a4dac97bf5d7450c77753542eee94,false,NOT_APPLICABLE_INFRASTRUCTURE,LIVE_ADVERTISING_ENABLED=MISSING;EXTERNAL_DELIVERY_ENABLED=MISSING;SOCIAL_PUBLISHING_ENABLED=MISSING;EXTERNAL_MODEL_CALLS_ENABLED=MISSING;LIVE_SMS_DELIVERY=MISSING;LIVE_EMAIL_DELIVERY=MISSING;LIVE_PSTN_DIALING=MISSING;PRODUCTION_DIALING=MISSING,docker-entrypoint.sh postgres
codestra-postgres-1,legacy workload,unmapped,UNESTABLISHED,UNESTABLISHED,NOT_IN_SOURCE_LOCK,postgres@sha256:ef257d85f76e48da1c64832459b59fcaba1a4dac97bf5d7450c77753542eee94,sha256:ef257d85f76e48da1c64832459b59fcaba1a4dac97bf5d7450c77753542eee94,sha256:ef257d85f76e48da1c64832459b59fcaba1a4dac97bf5d7450c77753542eee94,UNESTABLISHED,postgres,"/opt/codestra/compose/compose.yaml,/opt/codestra/compose/compose.shared-postgresql-pitr.yaml",/etc/codestra/secrets/codestra-compose/postgres_superuser_password,postgres@sha256:ef257d85f76e48da1c64832459b59fcaba1a4dac97bf5d7450c77753542eee94,false,NOT_APPLICABLE_INFRASTRUCTURE,LIVE_ADVERTISING_ENABLED=MISSING;EXTERNAL_DELIVERY_ENABLED=MISSING;SOCIAL_PUBLISHING_ENABLED=MISSING;EXTERNAL_MODEL_CALLS_ENABLED=MISSING;LIVE_SMS_DELIVERY=MISSING;LIVE_EMAIL_DELIVERY=MISSING;LIVE_PSTN_DIALING=MISSING;PRODUCTION_DIALING=MISSING,docker-entrypoint.sh postgres -c wal_level=replica -c archive_mode=on -c archive_command=/usr/local/sbin/codestra-shared-postgres-stage-wal.sh %p %f -c archive_timeout=60s -c max_wal_senders=10 -c max_replication_slots=10 -c wal_compression=on
codestra-private-vicidial-ingress-1,observability/security workload,unmapped,https://github.com/caddyserver/caddy-docker,UNESTABLISHED,NOT_IN_SOURCE_LOCK,codestra/caddy:2.11.4-hardened-20260723,sha256:269c6bd9b2713a27f8dc34a19a904bb0ba9d8f0f1564913576becd24779674d5,sha256:269c6bd9b2713a27f8dc34a19a904bb0ba9d8f0f1564913576becd24779674d5,UNESTABLISHED,private-vicidial-ingress,"/opt/codestra/compose/compose.yaml,/opt/codestra/compose/compose.middleware-runtime.yaml,/opt/codestra/compose/compose.phase-n2-activation.yaml,/opt/codestra/compose/compose.final-production-trust.yaml,/opt/codestra/compose/compose.schema2-recovery-20260812.yaml,/opt/codestra/compose/compose.server-a-readiness-5bb5a048.yaml,/opt/codestra/releases/middleware-51416422/deploy/readiness/compose.private-vicidial-ingress.yaml,/opt/codestra/compose/compose.breero-worker-a9e890c.yaml",NO_SECRET_MOUNT_OBSERVED,sha256:269c6bd9b2713a27f8dc34a19a904bb0ba9d8f0f1564913576becd24779674d5,true,FAIL,LIVE_ADVERTISING_ENABLED=MISSING;EXTERNAL_DELIVERY_ENABLED=MISSING;SOCIAL_PUBLISHING_ENABLED=MISSING;EXTERNAL_MODEL_CALLS_ENABLED=MISSING;LIVE_SMS_DELIVERY=MISSING;LIVE_EMAIL_DELIVERY=MISSING;LIVE_PSTN_DIALING=MISSING;PRODUCTION_DIALING=MISSING,caddy run --config /etc/caddy/Caddyfile --adapter caddyfile
codestra-provisioning-jwks-relay,legacy workload,unmapped,https://github.com/appolon1908-hue/codestra-provisioning-service,0e7d8893ec7fda96a9ff9b5f91151d3537c28ae7,NOT_IN_SOURCE_LOCK,codestra/provisioning-service@sha256:2ce593371c26db217fa38be8cdbe08ef1798c2973b271e1639b57fb47636d5bf,sha256:2ce593371c26db217fa38be8cdbe08ef1798c2973b271e1639b57fb47636d5bf,sha256:2ce593371c26db217fa38be8cdbe08ef1798c2973b271e1639b57fb47636d5bf,UNESTABLISHED,identity-relay,/root/codestra-provisioning-production-remediation/deploy/compose.identity-relay.yaml,NO_SECRET_MOUNT_OBSERVED,codestra/provisioning-service@sha256:2ce593371c26db217fa38be8cdbe08ef1798c2973b271e1639b57fb47636d5bf,true,FAIL,LIVE_ADVERTISING_ENABLED=MISSING;EXTERNAL_DELIVERY_ENABLED=MISSING;SOCIAL_PUBLISHING_ENABLED=MISSING;EXTERNAL_MODEL_CALLS_ENABLED=MISSING;LIVE_SMS_DELIVERY=MISSING;LIVE_EMAIL_DELIVERY=MISSING;LIVE_PSTN_DIALING=MISSING;PRODUCTION_DIALING=MISSING,"python -c import os,socket,socketserver,threading
upstream=(os.environ[""IDENTITY_UPSTREAM_IP""],443)
def pump(a,b):
    try:
        while data:=a.recv(65536): b.sendall(data)
    except OSError: pass
    finally:
        try: b.shutdown(socket.SHUT_WR)
        except OSError: pass
class Handler(socketserver.BaseRequestHandler):
    def handle(self):
        peer=socket.create_connection(upstream,5)
        thread=threading.Thread(target=pump,args=(self.request,peer),daemon=True)
        thread.start(); pump(peer,self.request); thread.join()
class Server(socketserver.ThreadingTCPServer):
    allow_reuse_address=True
    daemon_threads=True
Server((""0.0.0.0"",443),Handler).serve_forever()
"
codestra-provisioning-service-provisioning-service-1,legacy workload,unmapped,UNESTABLISHED,UNESTABLISHED,NOT_IN_SOURCE_LOCK,codestra/provisioning-service:identity-integration-20260726-v15,sha256:db7dfcf1d8547d9daa9f1e1b7f7f834b0138b95e15fce95345e4e2e1211ed578,sha256:db7dfcf1d8547d9daa9f1e1b7f7f834b0138b95e15fce95345e4e2e1211ed578,staging,provisioning-service,/opt/codestra/provisioning-service/compose.yaml,/var/lib/docker/volumes/codestra-provisioning-service_runtime_secrets/_data,sha256:db7dfcf1d8547d9daa9f1e1b7f7f834b0138b95e15fce95345e4e2e1211ed578,true,FAIL,LIVE_ADVERTISING_ENABLED=MISSING;EXTERNAL_DELIVERY_ENABLED=MISSING;SOCIAL_PUBLISHING_ENABLED=MISSING;EXTERNAL_MODEL_CALLS_ENABLED=MISSING;LIVE_SMS_DELIVERY=MISSING;LIVE_EMAIL_DELIVERY=MISSING;LIVE_PSTN_DIALING=MISSING;PRODUCTION_DIALING=MISSING,python -m uvicorn app.main:create_app --factory --host 0.0.0.0 --port 8443 --workers 1 --ssl-certfile /run/provisioning-secrets/server.crt --ssl-keyfile /run/provisioning-secrets/server.key --no-server-header
codestra-redis-1,legacy workload,unmapped,UNESTABLISHED,UNESTABLISHED,NOT_IN_SOURCE_LOCK,redis@sha256:bb186d083732f669da90be8b0f975a37812b15e913465bb14d845db72a4e3e08,sha256:bb186d083732f669da90be8b0f975a37812b15e913465bb14d845db72a4e3e08,sha256:bb186d083732f669da90be8b0f975a37812b15e913465bb14d845db72a4e3e08,UNESTABLISHED,redis,/opt/codestra/compose/compose.yaml,/etc/codestra/secrets/codestra-compose/redis_middleware_password;/etc/codestra/secrets/codestra-compose/redis_middleware_username;/etc/codestra/secrets/codestra-compose/redis_password;/etc/codestra/secrets/codestra-compose/redis_users_acl,redis@sha256:bb186d083732f669da90be8b0f975a37812b15e913465bb14d845db72a4e3e08,false,NOT_APPLICABLE_INFRASTRUCTURE,LIVE_ADVERTISING_ENABLED=MISSING;EXTERNAL_DELIVERY_ENABLED=MISSING;SOCIAL_PUBLISHING_ENABLED=MISSING;EXTERNAL_MODEL_CALLS_ENABLED=MISSING;LIVE_SMS_DELIVERY=MISSING;LIVE_EMAIL_DELIVERY=MISSING;LIVE_PSTN_DIALING=MISSING;PRODUCTION_DIALING=MISSING,docker-entrypoint.sh redis-server --appendonly yes --maxmemory 768mb --maxmemory-policy noeviction --aclfile /run/secrets/redis_users_acl
codestra-reseller-portal-oidc-gateway-1,legacy workload,unmapped,https://github.com/oauth2-proxy/oauth2-proxy,UNESTABLISHED,NOT_IN_SOURCE_LOCK,quay.io/oauth2-proxy/oauth2-proxy@sha256:aa0bd8dd5ab0c78e4c91c92755ad573a5f92241f88138b4141b8ec803463b4fd,sha256:aa0bd8dd5ab0c78e4c91c92755ad573a5f92241f88138b4141b8ec803463b4fd,sha256:aa0bd8dd5ab0c78e4c91c92755ad573a5f92241f88138b4141b8ec803463b4fd,UNESTABLISHED,oidc-gateway,"/root/codestra-odoo-middleware-functional/deploy/reseller-portal/compose.yaml,/root/codestra-odoo-middleware-functional/deploy/reseller-portal/compose.live-delivery-safety.yaml,/root/codestra-odoo-middleware-functional/deploy/reseller-portal/compose.oidc-tenant-authority.yaml",NO_SECRET_MOUNT_OBSERVED,quay.io/oauth2-proxy/oauth2-proxy@sha256:aa0bd8dd5ab0c78e4c91c92755ad573a5f92241f88138b4141b8ec803463b4fd,true,FAIL,LIVE_ADVERTISING_ENABLED=MISSING;EXTERNAL_DELIVERY_ENABLED=MISSING;SOCIAL_PUBLISHING_ENABLED=MISSING;EXTERNAL_MODEL_CALLS_ENABLED=MISSING;LIVE_SMS_DELIVERY=MISSING;LIVE_EMAIL_DELIVERY=MISSING;LIVE_PSTN_DIALING=MISSING;PRODUCTION_DIALING=MISSING,/bin/oauth2-proxy --config=/etc/oauth2-proxy/oauth2-proxy.cfg
codestra-reseller-portal-portal-1,legacy workload,unmapped,UNESTABLISHED,UNESTABLISHED,NOT_IN_SOURCE_LOCK,codestra-reseller-portal:oidc-tenant-authority-20260816,sha256:7d7cf6318ac122f7e39ab679dec499dc1f6116129765903d44e42c74541ca12e,sha256:7d7cf6318ac122f7e39ab679dec499dc1f6116129765903d44e42c74541ca12e,UNESTABLISHED,portal,"/root/codestra-odoo-middleware-functional/deploy/reseller-portal/compose.yaml,/root/codestra-odoo-middleware-functional/deploy/reseller-portal/compose.live-delivery-safety.yaml,/root/codestra-odoo-middleware-functional/deploy/reseller-portal/compose.oidc-tenant-authority.yaml",NO_SECRET_MOUNT_OBSERVED,sha256:7d7cf6318ac122f7e39ab679dec499dc1f6116129765903d44e42c74541ca12e,true,FAIL,LIVE_ADVERTISING_ENABLED=MISSING;EXTERNAL_DELIVERY_ENABLED=MISSING;SOCIAL_PUBLISHING_ENABLED=MISSING;EXTERNAL_MODEL_CALLS_ENABLED=MISSING;LIVE_SMS_DELIVERY=false;LIVE_EMAIL_DELIVERY=false;LIVE_PSTN_DIALING=false;PRODUCTION_DIALING=MISSING,/usr/local/bin/live-delivery-admission uvicorn reseller_portal.app:app --host 0.0.0.0 --port 8080 --no-server-header
codestra-reseller-portal-postgres-1,legacy workload,unmapped,UNESTABLISHED,UNESTABLISHED,NOT_IN_SOURCE_LOCK,postgres:17-alpine,sha256:742f40ea20b9ff2ff31db5458d127452988a2164df9e17441e191f3b72252193,sha256:742f40ea20b9ff2ff31db5458d127452988a2164df9e17441e191f3b72252193,UNESTABLISHED,postgres,/root/codestra-odoo-middleware-functional/deploy/reseller-portal/compose.yaml,NO_SECRET_MOUNT_OBSERVED,sha256:742f40ea20b9ff2ff31db5458d127452988a2164df9e17441e191f3b72252193,false,NOT_APPLICABLE_INFRASTRUCTURE,LIVE_ADVERTISING_ENABLED=MISSING;EXTERNAL_DELIVERY_ENABLED=MISSING;SOCIAL_PUBLISHING_ENABLED=MISSING;EXTERNAL_MODEL_CALLS_ENABLED=MISSING;LIVE_SMS_DELIVERY=MISSING;LIVE_EMAIL_DELIVERY=MISSING;LIVE_PSTN_DIALING=MISSING;PRODUCTION_DIALING=MISSING,docker-entrypoint.sh postgres
codestra-reviewed-monitoring-postgres-exporter-1,observability/security workload,unmapped,UNESTABLISHED,UNESTABLISHED,NOT_IN_SOURCE_LOCK,docker.io/prometheuscommunity/postgres-exporter@sha256:9fca39a4307092387b7de884bed4b62205cb88a6a5fdb423b9a70ea80b34efb3,sha256:9fca39a4307092387b7de884bed4b62205cb88a6a5fdb423b9a70ea80b34efb3,sha256:9fca39a4307092387b7de884bed4b62205cb88a6a5fdb423b9a70ea80b34efb3,UNESTABLISHED,postgres-exporter,"/opt/codestra/worktrees/odoo-production-monitoring-readiness-20260804/deploy/monitoring/odoo-readiness/compose.yaml,/opt/codestra/operations/monitoring/compose.exporters.override.yaml",/etc/codestra/secrets/monitoring-runtime/postgres_exporter_password,docker.io/prometheuscommunity/postgres-exporter@sha256:9fca39a4307092387b7de884bed4b62205cb88a6a5fdb423b9a70ea80b34efb3,false,NOT_APPLICABLE_INFRASTRUCTURE,LIVE_ADVERTISING_ENABLED=MISSING;EXTERNAL_DELIVERY_ENABLED=MISSING;SOCIAL_PUBLISHING_ENABLED=MISSING;EXTERNAL_MODEL_CALLS_ENABLED=MISSING;LIVE_SMS_DELIVERY=MISSING;LIVE_EMAIL_DELIVERY=MISSING;LIVE_PSTN_DIALING=MISSING;PRODUCTION_DIALING=MISSING,/bin/postgres_exporter
codestra-sms-api-api-1,provider workload,unmapped,UNESTABLISHED,UNESTABLISHED,NOT_IN_SOURCE_LOCK,codestra-sms-api-api,sha256:49790449a1871a585456fe41bcb52dd614fb56f432907b9f5e7271e54306d6d7,sha256:49790449a1871a585456fe41bcb52dd614fb56f432907b9f5e7271e54306d6d7,UNESTABLISHED,api,"/opt/codestra/sms-api/compose.yaml,/opt/codestra/sms-api/compose.live-delivery-safety.yaml",NO_SECRET_MOUNT_OBSERVED,sha256:49790449a1871a585456fe41bcb52dd614fb56f432907b9f5e7271e54306d6d7,true,FAIL,LIVE_ADVERTISING_ENABLED=MISSING;EXTERNAL_DELIVERY_ENABLED=MISSING;SOCIAL_PUBLISHING_ENABLED=MISSING;EXTERNAL_MODEL_CALLS_ENABLED=MISSING;LIVE_SMS_DELIVERY=false;LIVE_EMAIL_DELIVERY=false;LIVE_PSTN_DIALING=false;PRODUCTION_DIALING=MISSING,/usr/local/bin/live-delivery-admission gunicorn --bind=0.0.0.0:8080 --workers=2 --threads=4 --timeout=30 --access-logfile=- app.main:app
codestra-sms-api-event-worker-1,provider workload,unmapped,UNESTABLISHED,UNESTABLISHED,NOT_IN_SOURCE_LOCK,codestra-sms-api-event-worker,sha256:65222db1296663c33f1bdac9ef5c8c305d2d4388ddca26e3306776821d2dbee9,sha256:65222db1296663c33f1bdac9ef5c8c305d2d4388ddca26e3306776821d2dbee9,UNESTABLISHED,event-worker,"/opt/codestra/sms-api/compose.yaml,/opt/codestra/sms-api/compose.live-delivery-safety.yaml",NO_SECRET_MOUNT_OBSERVED,sha256:65222db1296663c33f1bdac9ef5c8c305d2d4388ddca26e3306776821d2dbee9,true,FAIL,LIVE_ADVERTISING_ENABLED=MISSING;EXTERNAL_DELIVERY_ENABLED=MISSING;SOCIAL_PUBLISHING_ENABLED=MISSING;EXTERNAL_MODEL_CALLS_ENABLED=MISSING;LIVE_SMS_DELIVERY=false;LIVE_EMAIL_DELIVERY=false;LIVE_PSTN_DIALING=false;PRODUCTION_DIALING=MISSING,/usr/local/bin/live-delivery-admission python -m app.event_worker
codestra-sms-api-postgres-1,provider workload,unmapped,UNESTABLISHED,UNESTABLISHED,NOT_IN_SOURCE_LOCK,postgres:17-alpine@sha256:ef257d85f76e48da1c64832459b59fcaba1a4dac97bf5d7450c77753542eee94,sha256:ef257d85f76e48da1c64832459b59fcaba1a4dac97bf5d7450c77753542eee94,sha256:ef257d85f76e48da1c64832459b59fcaba1a4dac97bf5d7450c77753542eee94,UNESTABLISHED,postgres,"/opt/codestra/sms-api/compose.yaml,/opt/codestra/sms-api/compose.live-delivery-safety.yaml",NO_SECRET_MOUNT_OBSERVED,postgres:17-alpine@sha256:ef257d85f76e48da1c64832459b59fcaba1a4dac97bf5d7450c77753542eee94,false,NOT_APPLICABLE_INFRASTRUCTURE,LIVE_ADVERTISING_ENABLED=MISSING;EXTERNAL_DELIVERY_ENABLED=MISSING;SOCIAL_PUBLISHING_ENABLED=MISSING;EXTERNAL_MODEL_CALLS_ENABLED=MISSING;LIVE_SMS_DELIVERY=MISSING;LIVE_EMAIL_DELIVERY=MISSING;LIVE_PSTN_DIALING=MISSING;PRODUCTION_DIALING=MISSING,docker-entrypoint.sh postgres
codestra-websocket-gateway-gateway-1,legacy workload,unmapped,https://github.com/Codestra-SRL/codestra-middleware,9118e5bc01f9ce4a52add8753c096d061cd84848,NOT_IN_SOURCE_LOCK,ghcr.io/codestra-srl/codestra-websocket-gateway@sha256:1c8f28d3627955c0d07f8a3f2e4187edb0770f3a9fc7cbc7dc9d819fcd255ffd,sha256:1c8f28d3627955c0d07f8a3f2e4187edb0770f3a9fc7cbc7dc9d819fcd255ffd,sha256:1c8f28d3627955c0d07f8a3f2e4187edb0770f3a9fc7cbc7dc9d819fcd255ffd,UNESTABLISHED,gateway,/home/codestra-admin/releases/middleware-69723c25a27e2a64cf55539c7d6df362a33579a4/websocket_gateway/compose.yaml,/etc/codestra/secrets/websocket-gateway/database_url;/etc/codestra/secrets/websocket-gateway/internal_token,ghcr.io/codestra-srl/codestra-websocket-gateway@sha256:1c8f28d3627955c0d07f8a3f2e4187edb0770f3a9fc7cbc7dc9d819fcd255ffd,true,FAIL,LIVE_ADVERTISING_ENABLED=MISSING;EXTERNAL_DELIVERY_ENABLED=MISSING;SOCIAL_PUBLISHING_ENABLED=MISSING;EXTERNAL_MODEL_CALLS_ENABLED=MISSING;LIVE_SMS_DELIVERY=MISSING;LIVE_EMAIL_DELIVERY=MISSING;LIVE_PSTN_DIALING=MISSING;PRODUCTION_DIALING=MISSING,/opt/venv/bin/python -m uvicorn app:app --host 0.0.0.0 --port 8080 --ws-ping-interval 25 --ws-ping-timeout 10 --timeout-graceful-shutdown 10 --no-access-log
codestra-websocket-gateway-postgres-1,legacy workload,unmapped,UNESTABLISHED,UNESTABLISHED,NOT_IN_SOURCE_LOCK,postgres:16-alpine@sha256:57c72fd2a128e416c7fcc499958864df5301e940bca0a56f58fddf30ffc07777,sha256:57c72fd2a128e416c7fcc499958864df5301e940bca0a56f58fddf30ffc07777,sha256:57c72fd2a128e416c7fcc499958864df5301e940bca0a56f58fddf30ffc07777,UNESTABLISHED,postgres,/root/codestra-production-completion/websocket_gateway/compose.yaml,/etc/codestra/secrets/websocket-gateway/postgres_password,postgres:16-alpine@sha256:57c72fd2a128e416c7fcc499958864df5301e940bca0a56f58fddf30ffc07777,false,NOT_APPLICABLE_INFRASTRUCTURE,LIVE_ADVERTISING_ENABLED=MISSING;EXTERNAL_DELIVERY_ENABLED=MISSING;SOCIAL_PUBLISHING_ENABLED=MISSING;EXTERNAL_MODEL_CALLS_ENABLED=MISSING;LIVE_SMS_DELIVERY=MISSING;LIVE_EMAIL_DELIVERY=MISSING;LIVE_PSTN_DIALING=MISSING;PRODUCTION_DIALING=MISSING,docker-entrypoint.sh postgres
codestra-websocket-standby-031447a-gateway-1,legacy workload,unmapped,https://github.com/Codestra-SRL/codestra-middleware,9118e5bc01f9ce4a52add8753c096d061cd84848,NOT_IN_SOURCE_LOCK,ghcr.io/codestra-srl/codestra-websocket-gateway@sha256:1c8f28d3627955c0d07f8a3f2e4187edb0770f3a9fc7cbc7dc9d819fcd255ffd,sha256:1c8f28d3627955c0d07f8a3f2e4187edb0770f3a9fc7cbc7dc9d819fcd255ffd,sha256:1c8f28d3627955c0d07f8a3f2e4187edb0770f3a9fc7cbc7dc9d819fcd255ffd,UNESTABLISHED,gateway,/opt/codestra/websocket-standby-031447a/compose.yaml,/etc/codestra/secrets/websocket-gateway/database_url;/etc/codestra/secrets/websocket-gateway/internal_token,ghcr.io/codestra-srl/codestra-websocket-gateway@sha256:1c8f28d3627955c0d07f8a3f2e4187edb0770f3a9fc7cbc7dc9d819fcd255ffd,true,FAIL,LIVE_ADVERTISING_ENABLED=MISSING;EXTERNAL_DELIVERY_ENABLED=MISSING;SOCIAL_PUBLISHING_ENABLED=MISSING;EXTERNAL_MODEL_CALLS_ENABLED=MISSING;LIVE_SMS_DELIVERY=MISSING;LIVE_EMAIL_DELIVERY=MISSING;LIVE_PSTN_DIALING=MISSING;PRODUCTION_DIALING=MISSING,/opt/venv/bin/python -m uvicorn app:app --host 0.0.0.0 --port 8080 --ws-ping-interval 25 --ws-ping-timeout 10 --timeout-graceful-shutdown 10 --no-access-log
codestra-websocket-standby-031447a-postgres-1,legacy workload,unmapped,UNESTABLISHED,UNESTABLISHED,NOT_IN_SOURCE_LOCK,postgres:16-alpine@sha256:57c72fd2a128e416c7fcc499958864df5301e940bca0a56f58fddf30ffc07777,sha256:57c72fd2a128e416c7fcc499958864df5301e940bca0a56f58fddf30ffc07777,sha256:57c72fd2a128e416c7fcc499958864df5301e940bca0a56f58fddf30ffc07777,UNESTABLISHED,postgres,/opt/codestra/websocket-standby-031447a/compose.yaml,/etc/codestra/secrets/websocket-gateway/postgres_password,postgres:16-alpine@sha256:57c72fd2a128e416c7fcc499958864df5301e940bca0a56f58fddf30ffc07777,false,NOT_APPLICABLE_INFRASTRUCTURE,LIVE_ADVERTISING_ENABLED=MISSING;EXTERNAL_DELIVERY_ENABLED=MISSING;SOCIAL_PUBLISHING_ENABLED=MISSING;EXTERNAL_MODEL_CALLS_ENABLED=MISSING;LIVE_SMS_DELIVERY=MISSING;LIVE_EMAIL_DELIVERY=MISSING;LIVE_PSTN_DIALING=MISSING;PRODUCTION_DIALING=MISSING,docker-entrypoint.sh postgres
kong-production-standby-kong-standby-auth-1,observability/security workload,unmapped,UNESTABLISHED,UNESTABLISHED,NOT_IN_SOURCE_LOCK,codestra/kong-standby-auth:20260820,sha256:48b52b06eae0c92b1d4ae45bdee6f3974c684e650933de2391c7a3456602d01f,sha256:48b52b06eae0c92b1d4ae45bdee6f3974c684e650933de2391c7a3456602d01f,UNESTABLISHED,kong-standby-auth,/root/codestra-kong-production-standby/deploy/kong-production-standby/compose.standby.yaml,/etc/codestra/secrets/identity-registry/database-url;/etc/codestra/secrets/kong-standby/webhook-hmac;/etc/codestra/secrets/kong-standby/webhook-key-id,sha256:48b52b06eae0c92b1d4ae45bdee6f3974c684e650933de2391c7a3456602d01f,true,FAIL,LIVE_ADVERTISING_ENABLED=MISSING;EXTERNAL_DELIVERY_ENABLED=MISSING;SOCIAL_PUBLISHING_ENABLED=MISSING;EXTERNAL_MODEL_CALLS_ENABLED=MISSING;LIVE_SMS_DELIVERY=false;LIVE_EMAIL_DELIVERY=false;LIVE_PSTN_DIALING=false;PRODUCTION_DIALING=MISSING,uvicorn standby_auth:app --app-dir /app --host 0.0.0.0 --port 8080 --no-server-header --no-access-log
private-integration-gateway-1,unknown,unmapped,UNESTABLISHED,UNESTABLISHED,NOT_IN_SOURCE_LOCK,private-integration-gateway,sha256:a9a1562f6d7b3557f480c2ffb513bd8bb472a2e0f0f01e0f9aa8bcc6e7fab8a0,sha256:a9a1562f6d7b3557f480c2ffb513bd8bb472a2e0f0f01e0f9aa8bcc6e7fab8a0,UNESTABLISHED,gateway,/opt/middleware/integration-gateway/compose.yaml,NO_SECRET_MOUNT_OBSERVED,sha256:a9a1562f6d7b3557f480c2ffb513bd8bb472a2e0f0f01e0f9aa8bcc6e7fab8a0,true,FAIL,LIVE_ADVERTISING_ENABLED=MISSING;EXTERNAL_DELIVERY_ENABLED=MISSING;SOCIAL_PUBLISHING_ENABLED=MISSING;EXTERNAL_MODEL_CALLS_ENABLED=MISSING;LIVE_SMS_DELIVERY=MISSING;LIVE_EMAIL_DELIVERY=MISSING;LIVE_PSTN_DIALING=MISSING;PRODUCTION_DIALING=MISSING,python /app/gateway.py
